"Q279, duration=214, nationality=Spain, name=metrics Buckinghamshire, genre=Action"
"Q261, genre=Sci-Fi"
"Q319, duration=234, genre=Romance"
"Q479, nationality=United Kingdom, duration=115, name=CFA Franc BCEAO protocol"
"Q219, genre=Sci-Fi, nationality=Portugal, duration=222"
"Q6, genre=Animation, name=capacitor Personal Loan Account"
"Q235, duration=122, nationality=Greece, name=Maine Games"
"Q211, duration=157"
"Q377, duration=173, nationality=United Kingdom, genre=Action"
"Q333, duration=133"
"Q108, nationality=Indonesia, duration=159, name=synthesize array"
"Q242, genre=Film-Noir, duration=193, nationality=Ireland"
"Q410, nationality=Ireland, genre=Adventure, duration=128, name=National open-source"
"Q221, name=Martinique Investment Account"
"Q373, nationality=Germany, name=Metal global"
"Q193, genre=Musical, name=Customer-focused migration, duration=117, nationality=Chile"
"Q59, duration=158, genre=Children, name=initiatives Tasty, nationality=Belarus"
"Q85, genre=Romance, nationality=Australia"
"Q448, duration=217, genre=Thriller, nationality=Australia"
"Q13, duration=130, name=Drive cutting-edge, nationality=Belgium"
"Q408, nationality=Belgium, duration=103, name=Licensed Steel Pizza 24/365, genre=Thriller"
"Q496, genre=Biography, name=Concrete parsing, nationality=Netherlands"
"Q153, duration=198, genre=Comedy, name=Handmade Soft Cheese Metical, nationality=Ukraine"
"Q156, nationality=India, duration=97"
"Q260, nationality=Argentina, name=Mobility orchid, duration=170"
"Q46, name=virtual driver"
"Q386, nationality=Finland, name=Music Avon"
"Q169, duration=184, name=cultivate sky blue, genre=Animation"
"Q483, nationality=Croatia, genre=Historical, duration=234, name=Locks Personal Loan Account"
"Q126, name=interface Function-based, nationality=China, duration=184"
"Q230, duration=122, genre=Sci-Fi, nationality=Japan, name=Guyana Dollar Estate"
"Q332, genre=Sports"
"Q499, genre=Comedy"
"Q367, genre=Animation, name=Mobility panel, duration=98, nationality=Norway"
"Q465, genre=Adventure, name=array Cambridgeshire, duration=101"
"Q40, nationality=Belgium, name=green quantifying, duration=142"
"Q218, nationality=Netherlands, genre=Western, duration=112"
"Q253, genre=Sports, duration=165"
"Q96, name=Cambridgeshire calculate, genre=Musical, duration=228"
"Q134, nationality=Argentina, duration=160, genre=Sports"
"Q309, genre=Fantasy, nationality=Poland, duration=220"
"Q30, nationality=Canada"
"Q353, genre=Fantasy, name=Greece Dam"
"Q164, name=Research Borders, duration=196"
"Q287, nationality=Sweden, name=Sudan Pennsylvania"
"Q176, nationality=Thailand, genre=Animation, duration=173, name=Road Handmade Wooden Shirt"
"Q7, name=bypass Money Market Account, duration=133"
"Q323, genre=Adventure, duration=114, nationality=Argentina, name=Intelligent hacking"
"Q278, genre=Sports, nationality=Finland, duration=137, name=Steel Mississippi"
"Q476, nationality=China"
"Q370, genre=Historical, name=Agent protocol, nationality=Netherlands"
"Q406, nationality=Peru, name=blue Philippine Peso"
"Q249, duration=176, name=Generic Granite Chips Jamaica"
"Q105, name=Pants programming, nationality=India"
"Q461, name=dedicated Slovakia (Slovak Republic), nationality=Russia"
"Q8, name=SAS hack, nationality=Greece"
"Q23, name=generate e-markets, nationality=Cuba, duration=166, genre=Sci-Fi"
"Q307, nationality=Turkey, genre=Comedy, name=Adaptive deposit, duration=121"
"Q397, name=Associate system, duration=132"
"Q137, genre=Sci-Fi, name=Auto Loan Account Colorado"
"Q63, nationality=Turkey"
"Q31, nationality=Canada, genre=Animation"
"Q232, name=withdrawal IB, duration=95, nationality=Spain, genre=Adventure"
"Q352, genre=Mystery, name=infomediaries Interactions"
"Q170, nationality=Finland"
"Q421, duration=220, nationality=Brazil, name=instruction set South Carolina"
"Q62, genre=Historical, duration=218, nationality=New Zealand, name=deposit protocol"
"Q94, nationality=Peru"
"Q425, name=circuit synthesize, nationality=Croatia"
"Q187, name=Granite Personal Loan Account, nationality=Indonesia, genre=Thriller, duration=131"
"Q477, name=card Horizontal, genre=Documentary, nationality=Canada, duration=158"
"Q101, nationality=Netherlands, name=reintermediate Metal, genre=Romance"
"Q472, name=Extension interfaces, genre=Fantasy, duration=157, nationality=USA"
"Q81, name=throughput French Polynesia, nationality=Indonesia, duration=180"
"Q478, genre=Sci-Fi, nationality=Austria"
"Q457, genre=Fantasy"
"Q67, name=Mouse schemas, nationality=Peru, duration=174, genre=Romance"
"Q427, genre=Sports, nationality=Belgium, duration=155, name=Customer deposit"
"Q420, name=motivating Organic"
"Q33, duration=127, nationality=Thailand, name=Borders benchmark, genre=Musical"
"Q447, duration=174, name=SQL invoice, genre=Children"
"Q304, duration=90"
"Q481, nationality=Austria, name=Generic Soft Keyboard SDD, duration=104, genre=Horror"
"Q494, nationality=Austria, genre=Romance, duration=146, name=Industrial Plastic"
"Q37, name=Maldives Borders, duration=205, genre=Mystery, nationality=Ireland"
"Q145, name=revolutionary Home Loan Account"
"Q236, duration=211"
"Q269, genre=Romance"
"Q157, nationality=Chile"
"Q294, name=Licensed Data, duration=229, nationality=Ireland"
"Q198, genre=Western, nationality=United Kingdom"
"Q127, nationality=Germany, name=Refined Frozen Bike transitional, duration=112"
"Q206, nationality=Indonesia, duration=215, name=relationships infomediaries"
"Q263, name=Berkshire productize"
"Q453, duration=156, nationality=France, genre=Adventure"
"Q361, duration=234, name=Handcrafted Avon, genre=Musical"
"Q89, nationality=Ukraine, genre=Documentary, duration=119, name=Rubber Gloves"
"Q281, nationality=Portugal, name=cyan Practical"
"Q362, duration=151, name=Awesome Argentine Peso, genre=Sports"
"Q202, name=redundant Frozen, duration=139, nationality=Croatia, genre=Comedy"
"Q301, nationality=Australia, duration=188, genre=Documentary, name=Computers innovative"
"Q277, nationality=Peru, name=grey Quality"
"Q177, name=empower Soft, duration=159"
"Q271, nationality=Indonesia, duration=157, genre=Drama, name=bypassing 24/365"
"Q50, name=Awesome Concrete Keyboard driver, genre=War, duration=121, nationality=Indonesia"
"Q305, nationality=Italy, name=benchmark generating"
"Q20, name=Illinois Outdoors"
"Q146, genre=Horror, name=Investment Account Jewelery, duration=157"
"Q334, duration=203, nationality=Japan"
"Q240, nationality=Australia, name=North Dakota deposit, duration=111"
"Q229, duration=114"
"Q311, genre=Mystery, name=Refined fresh-thinking, duration=119, nationality=Switzerland"
"Q222, genre=Historical"
"Q306, name=frictionless Representative"
"Q212, name=Intranet Pakistan Rupee, duration=195, genre=Comedy, nationality=Canada"
"Q413, name=Representative Awesome, duration=174, nationality=Greece"
"Q411, duration=159"
"Q73, name=wireless Cotton, duration=140, nationality=New Zealand, genre=Thriller"
"Q135, nationality=Argentina, duration=107"
"Q217, nationality=Spain, genre=Action, name=Architect Maine, duration=189"
"Q77, nationality=Portugal, duration=96"
"Q244, nationality=New Zealand, name=Web generate"
"Q441, duration=190, nationality=Greece"
"Q374, name=Pound Sterling CFA Franc BCEAO, nationality=Chile, duration=234, genre=Action"
"Q215, name=UAE Dirham Identity"
"Q233, nationality=Croatia, name=brand auxiliary, duration=181"
"Q405, nationality=Argentina, duration=147"
"Q140, duration=135, genre=Sports, name=Chief e-tailers, nationality=Greece"
"Q61, genre=Comedy, nationality=Spain, duration=120, name=indexing motivating"
"Q488, duration=101"
"Q220, nationality=Denmark"
"Q380, genre=Romance"
"Q346, nationality=Greece"
"Q266, genre=Thriller, duration=111, nationality=Italy"
"Q58, genre=Thriller"
"Q26, name=card Missouri, duration=230"
"Q109, name=JBOD Angola"
"Q322, duration=170, name=Buckinghamshire Wooden"
"Q216, nationality=China"
"Q243, genre=Drama, duration=238, name=Infrastructure synthesize, nationality=Belarus"
"Q389, name=Berkshire redundant, duration=144, nationality=Belgium, genre=Documentary"
"Q179, nationality=United Kingdom, name=generating back-end"
"Q412, genre=Thriller"
"Q149, genre=Animation, duration=155, name=definition Salad"
"Q226, duration=211, nationality=Belgium, name=tertiary hardware, genre=Adventure"
"Q489, name=Colorado Multi-channelled, nationality=Portugal, duration=91, genre=Sci-Fi"
"Q205, genre=Western, nationality=Australia"
"Q38, name=Berkshire Beauty, duration=153, nationality=Austria"
"Q491, genre=Animation, name=definition Salad, duration=155, nationality=Denmark"
"Q91, name=card Nebraska"
"Q158, duration=128, name=Senior connecting"
"Q424, name=infrastructures Ergonomic Frozen Mouse, duration=123, genre=Thriller, nationality=Norway"
"Q256, duration=212, genre=Action, name=Baby bandwidth"
"Q366, name=customer loyalty Soft, genre=War"
"Q396, name=program Tasty Metal Keyboard, nationality=USA, genre=Sports, duration=151"
"Q419, duration=215, genre=Biography, name=Incredible Steel Shoes Mexico, nationality=Spain"
"Q80, name=Handmade service-desk, genre=Western"
"Q234, name=Incredible Soft Pants Bermudian Dollar (customarily known as Bermuda Dollar), nationality=New Zealand"
"Q312, genre=Adventure, name=Home Small, nationality=China"
"Q365, nationality=Portugal, name=Avon online"
"Q257, duration=177, name=Tasty Frozen Towels Soft"
"Q60, nationality=Vietnam, name=reboot Rustic Rubber Chicken"
"Q259, duration=190, name=Coordinator card, nationality=Chile"
"Q344, duration=211, genre=Film-Noir, name=focus group tan, nationality=Ukraine"
"Q199, genre=Adventure, duration=91, name=Home Loan Account didactic"
"Q299, name=compressing Consultant, duration=220, genre=Western"
"Q463, name=Yemeni Rial THX, duration=233, nationality=Australia, genre=Animation"
"Q82, genre=Thriller, name=Small Missouri, nationality=France, duration=97"
"Q34, duration=135, name=mobile Future, genre=Horror, nationality=Thailand"
"Q246, duration=154, genre=Animation, name=cross-platform Investor, nationality=Netherlands"
"Q12, name=blue Philippine Peso, duration=235"
"Q275, genre=Fantasy, nationality=Japan, duration=128, name=Mission Tools"
"Q4, name=calculating indigo, duration=233, nationality=New Zealand"
"Q106, nationality=USA, name=purple Pound Sterling"
"Q437, name=SQL Squares, nationality=Japan, genre=Adventure"
"Q315, duration=114, name=deposit card, genre=Film-Noir, nationality=Japan"
"Q335, duration=102, genre=Children, nationality=Poland"
"Q331, genre=Historical, name=methodologies functionalities"
"Q36, nationality=New Zealand, duration=105, name=Concrete Berkshire, genre=War"
"Q116, genre=Fantasy, nationality=Greece, duration=108"
"Q197, nationality=Italy, genre=Thriller, duration=102, name=protocol Product"
"Q451, genre=Western"
"Q295, duration=143"
"Q407, name=Street Netherlands Antilles, nationality=Japan, duration=173"
"Q133, nationality=Belarus, duration=122, name=alarm Granite, genre=Film-Noir"
"Q228, name=Flat dynamic"
"Q286, genre=Animation, nationality=Croatia, name=West Virginia Solomon Islands Dollar"
"Q343, name=front-end Bedfordshire, duration=178, genre=Drama, nationality=Cuba"
"Q245, duration=223, name=synthesizing Home Loan Account"
"Q45, nationality=USA, name=utilisation payment"
"Q103, nationality=Finland, genre=Children, name=Books Berkshire"
"Q292, nationality=Russia"
"Q497, nationality=Thailand, duration=196, genre=Western"
"Q398, nationality=Portugal, genre=Musical, duration=213, name=Fresh hack"
"Q273, duration=137, name=Via convergence"
"Q282, name=Graphic Interface wireless, genre=Western, nationality=Sweden"
"Q167, genre=Fantasy"
"Q268, duration=216"
"Q430, nationality=Belgium, genre=Animation, duration=182"
"Q224, genre=Musical, duration=179, name=Usability Bulgaria, nationality=Belarus"
"Q404, name=cross-platform Industrial"
"Q200, duration=115, name=navigating vortals, genre=Romance, nationality=Poland"
"Q486, name=scalable Salad"
"Q1, nationality=Germany, name=Officer Technician"
"Q148, duration=183, nationality=Chile"
"Q308, nationality=Spain, genre=Mystery, duration=170"
"Q416, name=task-force Money Market Account"
"Q401, duration=171, genre=Film-Noir"
"Q128, genre=Animation"
"Q452, genre=Fantasy, name=e-markets Quality-focused, duration=203, nationality=Belgium"
"Q291, nationality=United Kingdom, name=Motorway SSL"
"Q280, genre=Western, duration=222"
"Q455, name=Buckinghamshire Paradigm, nationality=Russia"
"Q438, genre=Documentary, name=application initiatives"
"Q119, name=programming West Virginia, nationality=Finland, duration=239, genre=Adventure"
"Q54, name=models Handcrafted Steel Gloves, duration=180, nationality=Argentina, genre=Children"
"Q432, duration=193, nationality=India"
"Q22, nationality=Russia"
"Q161, genre=Animation"
"Q250, name=Georgia Maryland, nationality=Peru, genre=Horror, duration=166"
"Q92, duration=172, genre=Action, name=generating global, nationality=Turkey"
"Q399, genre=Mystery, nationality=Ireland, duration=187"
"Q449, genre=Animation, name=Gorgeous Plastic Shirt zero tolerance, duration=240"
"Q474, name=platforms Books"
"Q99, name=Nakfa Antigua and Barbuda, genre=Thriller, duration=129"
"Q313, nationality=Canada, duration=135, genre=Biography, name=infrastructure Guernsey"
"Q347, genre=Adventure, duration=110"
"Q72, nationality=Ukraine"
"Q345, nationality=Sweden, name=matrix blue"
"Q166, nationality=Turkey, duration=236"
"Q450, genre=Comedy, name=Enhanced innovative"
"Q369, genre=Adventure"
"Q324, name=Botswana web services, nationality=Belgium"
"Q470, duration=214"
"Q143, nationality=Australia, name=SDD payment"
"Q372, nationality=Italy, genre=Adventure, name=Refined Steel Shoes Tasty, duration=161"
"Q18, nationality=Thailand, duration=113"
"Q16, nationality=Norway, duration=161, name=integrate Concrete, genre=Musical"
"Q71, duration=190, genre=Film-Noir, name=cross-platform Shirt"
"Q459, duration=227"
"Q431, name=Serbian Dinar deposit, duration=219, genre=Thriller"
"Q88, genre=Sports"
"Q252, duration=234, name=strategic Cotton"
"Q122, duration=103, name=integrate 24/365, genre=Musical"
"Q196, genre=Sci-Fi, name=Soft invoice, duration=113"
"Q429, name=bluetooth directional, nationality=Japan, duration=189, genre=Animation"
"Q341, nationality=Vietnam, name=Robust cyan, genre=Documentary"
"Q66, duration=100"
"Q296, nationality=Spain"
"Q114, genre=Horror, nationality=Vietnam"
"Q355, genre=Documentary, name=Frozen Outdoors, nationality=Australia"
"Q471, name=array Ball, duration=176, genre=Romance, nationality=Belarus"
"Q78, nationality=Greece"
"Q21, duration=133, nationality=Croatia, name=Rand Namibia Dollar Bacon, genre=Film-Noir"
"Q328, genre=Film-Noir, nationality=Germany"
"Q327, name=toolset PNG, genre=Animation, nationality=Mexico"
"Q208, name=Representative calculating, duration=125, genre=Western, nationality=United Kingdom"
"Q49, nationality=Germany, genre=Musical, name=Brand sensor, duration=206"
"Q363, name=New York Points"
"Q338, name=Bedfordshire Ergonomic"
"Q186, nationality=Mexico, genre=Fantasy, name=impactful Shoes"
"Q191, name=bandwidth-monitored Electronics, duration=217, nationality=USA, genre=Film-Noir"
"Q165, nationality=Belgium, name=cultivate Tunisia"
"Q379, genre=Animation, duration=128, name=clicks-and-mortar Kuwaiti Dinar, nationality=Vietnam"
"Q475, duration=158, nationality=Indonesia, name=system Mobility"
"Q151, name=Engineer Plaza, genre=Fantasy, duration=96, nationality=Qatar"
"Q132, nationality=Belarus, genre=Action"
"Q426, nationality=Canada, genre=Western, name=Personal Loan Account invoice"
"Q0, name=framework cyan"
"Q125, duration=100"
"Q207, nationality=Sweden"
"Q238, duration=111, nationality=Norway"
"Q350, name=AI Chad, duration=177"
"Q284, name=Dominican Republic Soap, duration=193, nationality=Finland"
"Q381, genre=Sci-Fi, nationality=Austria, name=Industrial web services"
"Q436, genre=Western, name=PCI Ethiopian Birr, duration=119"
"Q356, name=Garden Pennsylvania, nationality=Austria"
"Q302, nationality=Canada"
"Q297, genre=Drama, duration=240"
"Q139, nationality=Netherlands, name=transmit Club, duration=224, genre=Action"
"Q113, name=Credit Card Account technologies"
"Q123, genre=Documentary"
"Q422, name=synthesizing Optional, duration=105, nationality=Sweden"
"Q83, nationality=Denmark, duration=208, name=West Virginia channels"
"Q247, nationality=Brazil"
"Q272, nationality=China, name=deposit Liechtenstein, duration=173"
"Q25, duration=163, genre=Film-Noir, nationality=Poland, name=Directives mint green"
"Q288, name=black Vatu, nationality=Italy, duration=212, genre=Historical"
"Q439, nationality=Canada, duration=237"
"Q29, nationality=Russia, duration=186, genre=Fantasy, name=Cayman Islands Florida"
"Q150, name=Toys Frozen, genre=Film-Noir, duration=104, nationality=Poland"
"Q194, duration=177, name=cross-platform Bacon, nationality=Peru"
"Q458, genre=Action, duration=210, nationality=United Kingdom, name=quantify Assurance"
"Q76, genre=Comedy, duration=238, name=Colorado Interactions, nationality=Netherlands"
"Q329, name=Books ROI"
"Q354, genre=Comedy, name=systemic Borders, duration=120, nationality=Ireland"
"Q11, duration=129, genre=Fantasy, nationality=Mexico"
"Q390, duration=216, genre=Children"
"Q14, genre=Animation, duration=165"
"Q172, genre=Biography, name=North Dakota transitional, duration=168, nationality=India"
"Q75, name=Honduras override"
"Q442, genre=Mystery"
"Q285, nationality=Vietnam"
"Q418, genre=Drama, nationality=Cuba, duration=193"
"Q90, name=firewall Generic, duration=214, nationality=Austria"
"Q482, name=Auto Loan Account Cape Verde Escudo, nationality=Norway"
"Q368, nationality=Mexico, duration=161, genre=Animation"
"Q44, nationality=Austria, genre=Comedy, name=Gorgeous Metal Car orange"
"Q201, name=Analyst Indiana"
"Q162, name=Sleek turquoise, genre=Romance, nationality=France, duration=109"
"Q467, name=backing up azure"
"Q27, name=facilitate bluetooth"
"Q168, name=Movies interface, nationality=Germany, duration=200, genre=Children"
"Q182, duration=139, name=pink AI, nationality=Indonesia, genre=Documentary"
"Q64, genre=Drama, name=Home Music"
"Q490, duration=91, nationality=Portugal, genre=Sci-Fi"
"Q487, name=exuding Pizza, genre=Biography, duration=166"
"Q320, duration=112, genre=Comedy, nationality=Croatia, name=Plastic azure"
"Q184, name=Peso Uruguayo Uruguay Peso en Unidades Indexadas infrastructures, nationality=Qatar, duration=195"
"Q360, duration=184, genre=Musical, name=Ports matrix, nationality=Portugal"
"Q239, name=Infrastructure Legacy, duration=108, genre=Western, nationality=India"
"Q227, genre=Western, duration=163, nationality=Spain, name=red teal"
"Q130, duration=108, nationality=China, genre=Adventure"
"Q445, duration=92"
"Q136, genre=Fantasy"
"Q43, name=Baby invoice, genre=Adventure"
"Q107, nationality=Greece, genre=Children, duration=151"
"Q443, duration=129, genre=Romance, nationality=Chile, name=Credit Card Account Optimization"
"Q267, duration=122, nationality=Spain"
"Q376, name=PCI Vermont"
"Q183, name=withdrawal programming"
"Q42, nationality=Ukraine"
"Q464, genre=Sci-Fi"
"Q325, duration=193, name=Dominican Republic Soap"
"Q2, nationality=Austria, name=Rhode Island Cambridgeshire, duration=132, genre=Romance"
"Q70, duration=224, genre=Film-Noir, nationality=Vietnam"
"Q55, genre=Historical"
"Q409, duration=129, genre=Fantasy, name=Danish Krone Jewelery, nationality=Thailand"
"Q326, duration=229"
"Q175, duration=218"
"Q498, genre=Children, duration=198, nationality=Denmark"
"Q53, name=evolve Montana, genre=Documentary, nationality=Turkey, duration=217"
"Q433, genre=Western, nationality=Portugal"
"Q444, name=Money Market Account Monitored, genre=Documentary"
"Q189, duration=166, nationality=Germany, name=24/7 virtual, genre=Drama"
"Q159, duration=121, genre=Drama"
"Q435, duration=189, genre=Romance, name=innovate Idaho, nationality=Spain"
"Q298, nationality=Germany, name=Christmas Island Swiss Franc, genre=Sci-Fi, duration=140"
"Q19, nationality=Ukraine, duration=145"
"Q289, name=Engineer SMS, nationality=Switzerland"
"Q39, name=facilitate Plastic"
"Q141, name=Planner Intelligent, duration=210"
"Q415, duration=121, name=reciprocal HDD"
"Q144, genre=Adventure"
"Q69, genre=Sci-Fi, duration=138, nationality=Sweden, name=compress magenta"
"Q339, nationality=Canada, genre=Documentary"
"Q387, duration=199, nationality=Thailand, name=value-added Generic"
"Q248, name=bandwidth Computers, nationality=Poland, duration=133, genre=Adventure"
"Q213, genre=Western, duration=220, nationality=Brazil"
"Q47, name=Corporate project, duration=211"
"Q223, name=solutions array, nationality=Belarus, genre=War, duration=188"
"Q214, genre=Film-Noir, name=Plain program"
"Q163, genre=Action"
"Q264, name=bypass alliance, nationality=Turkey"
"Q314, duration=94, name=Frozen utilisation, genre=Comedy, nationality=Spain"
"Q357, nationality=Portugal, duration=151, genre=Animation, name=Handcrafted AI"
"Q32, nationality=Germany, duration=141"
"Q121, nationality=Ireland, name=systemic Borders, duration=120, genre=Comedy"
"Q181, name=optimizing expedite, duration=184"
"Q251, duration=130, nationality=Denmark"
"Q349, genre=Animation, name=Cotton application, duration=206, nationality=Mexico"
"Q110, name=Iowa infomediaries, duration=192, nationality=Peru"
"Q274, duration=144, nationality=Poland, name=input Applications"
"Q440, duration=213, name=ivory Fantastic, genre=Adventure"
"Q375, nationality=Ireland, genre=Sports, name=dynamic Tasty"
"Q171, genre=Animation, nationality=Argentina, name=Home Loan Account tangible, duration=109"
"Q394, duration=154, genre=Musical, name=Incredible Soft Pants Bermudian Dollar (customarily known as Bermuda Dollar)"
"Q466, duration=216"
"Q258, duration=129, nationality=Belarus, name=FTP Chips"
"Q454, name=Albania New Zealand Dollar, duration=94"
"Q340, duration=160"
"Q400, duration=130"
"Q84, name=Gorgeous Plastic Shirt zero tolerance"
"Q56, duration=238, genre=Animation, name=envisioneer platforms, nationality=Poland"
"Q87, duration=101, genre=Western, name=Tuna Incredible Metal Table"
"Q241, duration=140"
"Q154, name=Slovakia (Slovak Republic) Handmade Granite Chicken, genre=Action"
"Q342, genre=Western"
"Q190, duration=183, name=Refined Optimization, genre=Musical"
"Q337, duration=187"
"Q174, genre=Mystery, nationality=Greece, duration=128"
"Q364, nationality=Mexico, duration=174, genre=Sci-Fi, name=Refined Books"
"Q383, nationality=Chile, name=disintermediate solution, genre=Children, duration=128"
"Q255, nationality=Belarus, name=withdrawal Fantastic Wooden Towels, genre=Children"
"Q104, genre=Documentary, duration=201, nationality=France"
"Q68, name=SQL Fish"
"Q276, name=initiatives Electronics, duration=219, genre=Sci-Fi, nationality=Ukraine"
"Q48, name=connect Pizza, genre=Historical"
"Q93, genre=Historical, nationality=Russia, duration=165"
"Q173, genre=Romance, nationality=Ireland, name=technologies scale"
"Q318, genre=Thriller"
"Q98, name=Sleek Frozen Chips generate, nationality=Brazil, duration=110"
"Q462, nationality=Italy, genre=Sports, name=generate Analyst, duration=235"
"Q152, name=Executive Investor, nationality=Belarus, genre=Horror"
"Q434, genre=Children, duration=222, nationality=Canada, name=Quality black"
"Q147, duration=212, name=optimizing Web, nationality=Qatar"
"Q188, name=Som navigating, nationality=Mexico"
"Q185, duration=229, name=New Jersey Music, genre=Horror, nationality=Russia"
"Q395, genre=Action, name=bottom-line Fully-configurable, nationality=Germany, duration=137"
"Q393, duration=185, nationality=Germany"
"Q316, name=Program Cotton, genre=Fantasy"
"Q493, name=Progressive SAS, genre=Animation, duration=128, nationality=Vietnam"
"Q28, duration=176, nationality=Greece"
"Q203, name=payment Jordan, nationality=China, duration=206, genre=Sports"
"Q359, nationality=Switzerland, name=Oklahoma Avon"
"Q358, genre=War, duration=169"
"Q392, duration=102"
"Q112, duration=194, nationality=Japan"
"Q225, duration=92, nationality=Norway, genre=Film-Noir, name=Handcrafted parse"
"Q231, duration=232"
"Q384, genre=Romance, name=solutions Gloves"
"Q138, genre=Adventure"
"Q192, duration=127, nationality=Netherlands"
"Q310, nationality=USA, genre=Action, name=heuristic Paradigm"
"Q195, nationality=Netherlands"
"Q336, name=e-markets Latvian Lats"
"Q95, duration=121, nationality=Indonesia, name=Awesome Concrete Keyboard driver, genre=War"
"Q371, name=Rubber compressing, duration=227, nationality=Denmark"
"Q414, nationality=Qatar"
"Q100, nationality=Indonesia, name=navigate Personal Loan Account, genre=Mystery"
"Q117, nationality=United Kingdom, duration=160, name=pink Product, genre=Animation"
"Q402, name=Dynamic Soft, genre=Biography, nationality=USA, duration=140"
"Q97, name=synergies Bedfordshire"
"Q290, duration=223"
"Q86, duration=96, genre=Thriller, name=Checking Account Arizona, nationality=Belgium"
"Q423, genre=Romance, duration=180"
"Q41, genre=Sports, name=XSS Lock, duration=219"
"Q142, name=Bedfordshire Operations, nationality=Poland, duration=185, genre=Sports"
"Q382, genre=Fantasy"
"Q317, genre=Fantasy, name=blue Hollow"
"Q17, genre=Children, duration=117, name=Gorgeous Dynamic, nationality=USA"
"Q115, genre=War, name=Lodge Licensed, duration=149"
"Q428, name=District Credit Card Account"
"Q204, name=Utah Missouri, nationality=Austria"
"Q460, name=SMTP Practical"
"Q65, name=clicks-and-mortar Handmade, duration=174, nationality=Sweden, genre=Western"
"Q321, genre=Action"
"Q480, name=user-centric Avon"
"Q485, duration=178, genre=Historical, name=bandwidth Executive"
"Q468, genre=Action, duration=181, name=brand auxiliary, nationality=Croatia"
"Q124, duration=181, genre=Biography"
"Q10, name=Centralized Seychelles, nationality=Greece"
"Q417, genre=Historical, duration=173, name=EXE Investment Account"
"Q300, name=Agent invoice"
"Q456, name=Quality Frozen, nationality=Spain"
"Q492, duration=195, name=bricks-and-clicks Arkansas, genre=Documentary, nationality=Austria"
"Q118, nationality=Sweden, duration=174, name=Beauty framework"
"Q473, nationality=Norway"
"Q283, nationality=Peru, name=compelling payment, duration=235"
"Q15, genre=Adventure"
"Q388, duration=205"
"Q330, genre=Sports, name=Hat Circles, duration=146"
"Q120, genre=Action, nationality=Croatia, duration=118"
"Q24, duration=230"
"Q209, name=hard drive index, nationality=Ireland"
"Q265, nationality=Russia, duration=121, name=Officer Chair"
"Q210, genre=War, duration=149, nationality=Spain"
"Q351, duration=203, nationality=Belgium, name=e-markets Quality-focused, genre=Fantasy"
"Q378, duration=122, genre=Sci-Fi"
"Q262, genre=Animation, nationality=Australia"
"Q52, genre=Historical"
"Q111, duration=175, name=Incredible Personal Loan Account"
"Q348, nationality=Peru"
"Q469, name=Enhanced innovative"
"Q293, nationality=Indonesia, genre=Sports, duration=163"
"Q403, duration=173"
"Q484, name=Tasty Granite Bacon SQL"
"Q155, genre=Biography, nationality=Croatia, name=impactful Falls, duration=223"
"Q237, nationality=Sweden, name=evolve content, genre=Documentary, duration=151"
"Q254, duration=212, name=Money Market Account Monitored"
"Q3, name=white back-end, genre=Thriller"
"Q51, duration=181, genre=Documentary, name=static Rest"
"Q74, name=Analyst Trail, genre=Animation, nationality=Finland"
"Q180, genre=Sci-Fi"
"Q131, duration=221, nationality=Thailand, genre=Romance, name=Meadows Data"
"Q495, genre=Horror, duration=130"
"Q79, duration=106"
"Q391, name=copy Rand, genre=Action"
"Q446, genre=Western"
"Q9, name=deposit Belize, nationality=New Zealand, genre=Historical, duration=185"
"Q270, genre=Historical, nationality=Ukraine, duration=187"
"Q303, name=payment whiteboard"
"Q385, genre=Animation, duration=113"
"Q5, genre=Musical"
"Q57, nationality=Greece, genre=Film-Noir, duration=174, name=back up networks"
"Q35, duration=140"
"Q160, duration=218"
"Q178, duration=159, nationality=Finland, name=granular invoice"
"Q129, nationality=Russia, genre=Sports, name=override calculating"
"Q102, genre=Mystery"
