"Q247, name=Road, year=70s, artist=Meggie"
"Q293, genre=idm, artist=Kristi, year=80s, name=quantify"
"Q26, name=Baby, year=70s, artist=Shell"
"Q126, name=Oregon, artist=Etheline"
"Q122, year=2010s"
"Q106, artist=Neilla, year=2020s, genre=holidays, name=Horizontal"
"Q416, year=90s"
"Q279, year=80s, name=convergence"
"Q214, year=2000s"
"Q273, name=Refined, artist=Lorrayne, year=2010s"
"Q220, artist=Mildred"
"Q349, artist=Mozes, genre=honky-tonk"
"Q39, name=Home Loan Account, genre=electronic, artist=Emmeline"
"Q134, genre=study"
"Q74, genre=death-metal, artist=Mitzi, name=Infrastructure"
"Q274, year=60s, name=panel"
"Q451, genre=singer-songwriter"
"Q378, name=Money Market Account, year=80s"
"Q107, name=Iowa, year=80s"
"Q418, year=60s, name=Fresh"
"Q7, genre=trip-hop, year=2020s, name=Malagasy Ariary"
"Q147, year=70s"
"Q289, genre=groove, artist=Claire"
"Q406, genre=r-n-b, year=2010s, name=payment, artist=Maxy"
"Q470, genre=children, name=wireless, year=70s, artist=Brier"
"Q284, genre=j-rock, name=innovate, artist=Yurik, year=2010s"
"Q219, year=60s, genre=tango, artist=Whit, name=bandwidth"
"Q319, name=Colorado, artist=Noelani"
"Q153, artist=Margaretta"
"Q54, year=90s"
"Q191, name=cultivate, artist=Valera, year=70s, genre=chicago-house"
"Q380, artist=Dill"
"Q111, year=70s"
"Q412, artist=Vick, year=2000s, genre=singer-songwriter"
"Q234, year=70s, artist=Erl, name=fuchsia"
"Q93, name=multimedia, year=60s"
"Q364, year=70s, genre=country, artist=Cole, name=invoice"
"Q348, name=transmitter, artist=Shaina, year=80s"
"Q407, artist=Lynett, year=60s, name=North Dakota, genre=samba"
"Q85, artist=Alethea, name=Quetzal"
"Q59, artist=Cher, name=redundant, year=70s, genre=pagode"
"Q15, year=90s, genre=black-metal, artist=Theda"
"Q136, year=60s, genre=blues, artist=Alfi, name=Designer"
"Q169, name=parse, artist=John"
"Q347, year=90s, name=Money Market Account, genre=latin, artist=Dolley"
"Q105, year=2020s, name=Station, genre=dubstep"
"Q398, year=2010s, genre=trip-hop, name=infrastructure, artist=Tomaso"
"Q318, year=2020s, genre=reggae, artist=Dori, name=wireless"
"Q377, artist=Lavena, year=70s"
"Q62, year=2010s, artist=Frankie, name=Generic Cotton Pizza, genre=garage"
"Q197, genre=groove, name=Hat"
"Q309, genre=holidays, artist=Kelbee, year=90s, name=Burg"
"Q471, artist=Sophi, genre=disney, name=Intranet, year=2000s"
"Q155, genre=hip-hop, year=2010s, artist=Eldredge, name=Montana"
"Q228, artist=Cullan"
"Q261, artist=Rena, genre=house, name=FTP, year=80s"
"Q397, genre=cantopop, year=60s, artist=Juliet"
"Q24, name=EXE, year=90s, genre=trip-hop"
"Q241, artist=Archibold"
"Q152, genre=study, name=productize, year=60s"
"Q123, name=Plastic, year=80s, artist=Aurelie, genre=goth"
"Q352, year=2000s"
"Q187, name=parsing, year=70s"
"Q180, artist=Oby, name=Tasty Fresh Computer"
"Q196, artist=Danika, year=2000s, name=Meadows"
"Q321, name=Chips, genre=classical, artist=Curcio, year=80s"
"Q477, genre=happy"
"Q334, artist=Leonore, year=60s, name=multimedia"
"Q466, artist=Paulie, year=2020s"
"Q457, genre=sad, name=GB, year=70s, artist=Leoline"
"Q65, name=XML, genre=bossanova, year=70s"
"Q78, genre=afrobeat"
"Q472, year=70s, artist=Sarge, name=streamline"
"Q373, year=90s, name=synthesize, genre=progressive-house, artist=Carolee"
"Q298, artist=Vinny, name=Licensed"
"Q370, genre=j-pop, year=80s"
"Q414, name=back-end, year=2010s"
"Q410, artist=Dori"
"Q462, artist=Anet, year=2020s"
"Q441, year=2000s, name=infrastructure, genre=road-trip, artist=Yvor"
"Q145, name=hack, artist=Tucky"
"Q112, artist=Juliet, year=60s, genre=cantopop, name=static"
"Q211, genre=turkish, year=2020s, artist=Web, name=Architect"
"Q98, year=90s, genre=rock-n-roll"
"Q146, name=24/365, genre=rainy-day"
"Q100, year=70s, name=PNG, genre=garage, artist=Alford"
"Q64, artist=Beitris, genre=opera"
"Q206, name=Auto Loan Account"
"Q392, name=Factors, year=80s, genre=disney"
"Q258, artist=Laverne"
"Q285, name=indigo, artist=Flinn, genre=turkish"
"Q231, artist=Stewart, genre=honky-tonk, name=Home Loan Account"
"Q20, artist=Ancell, genre=ambient"
"Q76, year=70s, genre=opera, artist=Estrella"
"Q328, genre=garage, name=dynamic, artist=Shelby"
"Q248, year=70s, genre=bossanova"
"Q417, artist=Edsel"
"Q232, name=Operations"
"Q316, name=Team-oriented, artist=Albertina, genre=malay"
"Q325, artist=Kippy, name=service-desk, genre=edm"
"Q494, genre=afrobeat, year=2000s, artist=Reggy"
"Q475, genre=grindcore, artist=Gerhardt, year=90s, name=Tasty Granite Computer"
"Q172, genre=j-pop"
"Q312, artist=Torry, year=2000s, genre=rainy-day, name=program"
"Q355, year=90s"
"Q70, genre=philippines-opm"
"Q346, name=Principal, year=90s, artist=Feliza, genre=soundtracks"
"Q402, genre=classical"
"Q19, artist=Orel, name=Web, year=2000s"
"Q385, name=COM"
"Q165, genre=sleep, name=Marketing"
"Q75, genre=electronic, artist=Cordey"
"Q257, name=Shoes, year=80s, artist=Benoit"
"Q1, genre=psych-rock"
"Q89, artist=Terza, name=capacity"
"Q239, name=Argentine Peso, genre=power-pop"
"Q464, year=70s, artist=Gare"
"Q291, artist=Virginia, name=Regional"
"Q313, artist=Jordana, name=Solomon Islands, year=2020s"
"Q450, artist=Red"
"Q83, year=90s, name=zero defect, genre=rock"
"Q424, name=index, genre=jazz, artist=Richie, year=70s"
"Q91, artist=Ros, year=2010s, name=Frozen"
"Q22, artist=Consuela, year=90s"
"Q394, year=2020s"
"Q337, year=2010s, artist=Janeva, name=Alabama"
"Q28, name=magenta, genre=dubstep"
"Q225, year=2010s"
"Q256, genre=dub, year=2010s, name=Granite, artist=Shannah"
"Q160, year=60s, name=De-engineered"
"Q401, genre=j-rock, year=2010s, artist=Sandra"
"Q292, artist=Sarita, name=salmon"
"Q479, year=70s"
"Q128, artist=Catherina, name=Salad, genre=chicago-house"
"Q73, year=2010s, artist=Bryan"
"Q132, artist=Mikel, name=Proactive, genre=j-pop"
"Q265, name=Unbranded Soft Pizza, year=90s"
"Q304, genre=pop-film, artist=Rodina, year=2010s"
"Q34, name=Clothing"
"Q307, year=70s, genre=latino, artist=Noelani, name=dot-com"
"Q376, name=Bike"
"Q498, artist=Syman, genre=classical, year=2020s"
"Q133, name=red, year=90s, artist=Karalee"
"Q227, name=leverage, genre=minimal-techno, year=2010s"
"Q6, year=80s, genre=mpb, artist=Kat, name=Planner"
"Q13, name=Buckinghamshire, genre=hardstyle, year=2020s, artist=Zerk"
"Q151, year=90s"
"Q310, genre=iranian, year=90s"
"Q238, name=Michigan, year=70s"
"Q336, year=90s, name=Checking Account, genre=death-metal"
"Q148, genre=forro, name=enterprise, artist=Udall"
"Q159, genre=cantopop"
"Q461, artist=Cynthie, genre=hardcore, name=front-end"
"Q190, artist=Margaretta"
"Q113, genre=piano"
"Q216, genre=disney, artist=Silvanus, year=60s, name=input"
"Q452, genre=punk-rock, year=60s, artist=Ros"
"Q281, artist=Ambur"
"Q0, artist=Krystalle, year=90s, name=Representative"
"Q143, artist=Ediva, year=60s"
"Q371, year=80s"
"Q481, genre=opera, name=Grocery, year=70s, artist=Dorey"
"Q69, genre=latino, name=Rustic"
"Q178, name=bluetooth, year=80s"
"Q443, name=Licensed Soft Salad, genre=opera, year=2020s, artist=Joelle"
"Q138, genre=metal-misc"
"Q339, artist=Barr, year=2000s, genre=folk, name=tan"
"Q60, genre=hardstyle, year=60s, name=Pizza, artist=Darn"
"Q31, name=bypassing"
"Q53, year=80s"
"Q8, year=90s, name=e-commerce, genre=punk-rock"
"Q185, genre=honky-tonk, year=60s, name=salmon"
"Q429, year=90s, genre=metal-misc, name=experiences, artist=Bekki"
"Q338, year=80s, name=Wells, artist=Rosabel, genre=acoustic"
"Q391, artist=Victor, genre=work-out, year=90s"
"Q179, year=2010s, artist=Shandy"
"Q244, artist=Cass"
"Q345, year=2000s"
"Q383, genre=garage, year=2000s, name=dynamic"
"Q186, artist=Kayle, year=60s"
"Q446, artist=Graeme, year=70s, name=facilitate, genre=hip-hop"
"Q48, year=80s, name=multi-byte, artist=Vlad"
"Q46, genre=k-pop, artist=Wang, name=Lights"
"Q167, genre=swedish"
"Q396, artist=Dill, year=70s"
"Q415, genre=bluegrass, year=2010s"
"Q286, artist=Logan, genre=groove, name=Synchronised"
"Q253, name=data-warehouse, artist=Jorrie, year=60s"
"Q365, genre=songwriter, year=2020s"
"Q202, year=90s, artist=Galen, name=Haiti"
"Q2, genre=swedish, year=2020s"
"Q384, artist=Naomi, year=90s, name=Customer"
"Q340, artist=Yance, year=2010s"
"Q217, genre=party, artist=Benn, name=visualize"
"Q436, year=80s, artist=Manolo, genre=grunge"
"Q207, genre=acoustic, name=Designer, artist=Walt"
"Q52, name=Uganda, genre=hardcore, year=90s, artist=Liv"
"Q182, genre=children"
"Q208, name=Shoes"
"Q445, genre=j-pop, year=2000s, artist=Lyda"
"Q264, year=2020s"
"Q495, name=CSS, year=80s"
"Q276, year=60s"
"Q331, genre=pop-film"
"Q322, year=2010s, artist=Juliet, genre=spanish"
"Q250, artist=Maria, name=Ergonomic Plastic Shirt, year=2000s"
"Q195, genre=anime, name=deposit"
"Q63, artist=Krispin, year=2000s, genre=work-out"
"Q229, year=80s, artist=Claire, genre=groove"
"Q342, artist=Bertram"
"Q55, year=60s, name=Home Loan Account, genre=dancehall"
"Q176, name=cross-platform, artist=Arin, genre=alt-rock, year=60s"
"Q210, artist=Teri, genre=heavy-metal"
"Q32, year=60s"
"Q280, genre=show-tunes, name=Jewelery, year=2010s, artist=Seward"
"Q29, genre=party, artist=Chase, year=2010s"
"Q435, year=90s"
"Q150, name=National, artist=Sophi, year=60s"
"Q57, year=80s, artist=Monique, genre=study"
"Q467, name=Liaison, year=80s, genre=reggaeton, artist=Janeczka"
"Q198, year=80s"
"Q38, name=Cambridgeshire, year=80s"
"Q492, name=utilize, genre=movies"
"Q109, year=2020s"
"Q327, genre=sleep"
"Q288, genre=j-pop, name=whiteboard, artist=Phelia, year=2020s"
"Q142, artist=Lizette, name=Identity, year=70s"
"Q277, name=yellow, genre=club"
"Q137, year=70s, artist=Paulina"
"Q447, year=2000s, genre=study, artist=Eddi"
"Q170, name=alarm, artist=Francine"
"Q287, year=70s, artist=Taddeusz, genre=black-metal, name=Money Market Account"
"Q428, genre=forro, name=Computers"
"Q51, artist=Misty, name=Virtual"
"Q156, name=Generic, genre=sad, year=70s, artist=Melisande"
"Q236, artist=Leonerd, name=Facilitator, genre=punk-rock"
"Q183, name=Fantastic Granite Cheese"
"Q456, genre=idm, name=microchip, year=2010s, artist=Belicia"
"Q71, name=Executive, artist=Hermine, genre=pagode"
"Q154, name=navigating, artist=Hirsch, year=2010s"
"Q330, year=2020s, artist=Amabelle, genre=dancehall, name=evolve"
"Q372, year=90s"
"Q294, year=2020s, genre=chill, artist=Stephen, name=Generic Granite Shirt"
"Q204, artist=Stewart"
"Q72, name=maximize, year=60s, artist=Nathanil, genre=metal-misc"
"Q162, year=2010s, genre=chill, artist=Trixy, name=Adaptive"
"Q188, name=Computers, year=60s"
"Q400, genre=german, name=Savings Account, artist=Odetta"
"Q448, artist=Corrina"
"Q175, artist=Edi"
"Q411, name=interface"
"Q82, artist=Lorelle, name=maximize, genre=trance, year=2020s"
"Q476, year=60s, name=Hawaii, genre=kids"
"Q117, artist=Valera"
"Q444, year=60s, genre=metal-misc, name=connect"
"Q455, genre=garage"
"Q4, genre=turkish"
"Q80, artist=Bekki"
"Q343, name=copying"
"Q25, artist=Cass, genre=mandopop"
"Q387, name=AGP, artist=Bud"
"Q230, artist=Helge"
"Q168, genre=forro, name=HTTP"
"Q200, year=2020s"
"Q177, genre=tango, name=PNG, artist=Barr"
"Q315, name=withdrawal"
"Q30, year=2010s, artist=Otho, name=Towels"
"Q212, artist=Butch"
"Q489, year=90s, name=Assimilated, genre=garage"
"Q90, artist=Kendal, genre=minimal-techno"
"Q344, artist=Decca, genre=iranian"
"Q431, name=Inlet, year=80s, genre=electro, artist=Tabatha"
"Q101, name=Synergistic, artist=Hyacinthia"
"Q103, name=monitor, artist=Marissa"
"Q141, year=60s, genre=industrial"
"Q129, artist=Hadria, genre=disco"
"Q326, genre=new-age, year=90s"
"Q127, name=Gloves, artist=Hirsch, genre=tango, year=70s"
"Q47, artist=Northrop, genre=new-age, name=Sleek"
"Q335, year=80s, name=Bedfordshire, genre=forro, artist=Alwyn"
"Q235, genre=metal-misc, artist=Ced"
"Q193, year=90s, genre=punk-rock, name=e-commerce, artist=Taddeusz"
"Q488, name=Forward, artist=Barron, year=2020s, genre=sleep"
"Q181, artist=Alyda, name=Senior"
"Q164, genre=chill, name=Gorgeous Metal Soap"
"Q469, year=80s, genre=kids, artist=Hector, name=Small Metal Keyboard"
"Q171, name=Plastic, genre=death-metal, artist=Tammie"
"Q272, name=Jewelery, artist=Jack, year=2010s"
"Q158, genre=bossanova, name=schemas, artist=Barbra, year=70s"
"Q366, artist=Marcie, name=drive, year=70s, genre=reggae"
"Q37, name=hack, year=2000s, genre=techno, artist=Dill"
"Q226, year=70s, name=invoice, genre=study, artist=Ginnifer"
"Q465, genre=summer, year=80s, name=Samoa"
"Q149, artist=Marlow, genre=funk"
"Q482, artist=Torrin, name=Practical"
"Q269, artist=Carola"
"Q56, artist=Rachel, name=Shirt, year=80s"
"Q96, artist=Archibold, year=2020s, genre=gospel"
"Q23, name=Handmade Wooden Shirt, artist=Ches"
"Q442, artist=Carrol, genre=songwriter, year=2010s"
"Q399, year=2000s, artist=Gaspar"
"Q386, name=Bypass, artist=Faulkner, year=2010s, genre=club"
"Q440, year=70s, name=next generation, artist=Cam"
"Q260, artist=Leoline, name=Highway"
"Q124, year=2010s, name=Fantastic, genre=garage, artist=Esta"
"Q275, genre=country, name=Togo, year=90s, artist=Elianora"
"Q375, genre=death-metal"
"Q157, year=60s, name=Naira, artist=Netty, genre=dub"
"Q237, name=Wooden"
"Q496, year=60s, artist=Guthrie, name=Beauty"
"Q427, year=2010s, genre=punk-rock, name=Gabon"
"Q139, name=Handmade, genre=bluegrass, artist=Maggie, year=2010s"
"Q423, genre=techno, year=2010s, name=Solutions, artist=Nettle"
"Q161, year=2000s, artist=Ambrose, genre=study, name=collaborative"
"Q425, artist=Jazmin, year=2000s"
"Q259, name=transmit, genre=brazil, artist=Jerrie"
"Q278, name=application, genre=kids, artist=Denyse"
"Q301, name=exploit"
"Q369, year=70s"
"Q439, genre=happy, year=2010s, artist=Kristo"
"Q192, artist=Keefe, genre=bossanova, year=60s, name=Sausages"
"Q255, year=60s, genre=study"
"Q283, year=60s"
"Q184, year=2020s"
"Q405, genre=spanish, artist=Thornie"
"Q205, genre=breakbeat, artist=Graeme"
"Q413, genre=rainy-day, name=deliver, year=2010s"
"Q224, name=frame"
"Q295, genre=groove, year=80s"
"Q409, name=client-driven"
"Q453, name=Assistant"
"Q478, year=90s, name=Pizza"
"Q44, name=Kids, artist=Decca, year=2020s"
"Q215, year=90s, genre=house, name=intangible, artist=Jerrie"
"Q332, genre=idm, year=2000s"
"Q459, name=architect, genre=blues, artist=Waylon, year=2020s"
"Q433, name=Metal, artist=Shadow, genre=punk-rock"
"Q499, artist=Francine"
"Q233, name=withdrawal, year=2000s, artist=Alexia"
"Q14, artist=Maryellen, name=Lake, year=70s, genre=grindcore"
"Q144, artist=Nahum"
"Q454, genre=dance, year=2020s"
"Q358, artist=Cass"
"Q249, year=60s, genre=techno, artist=Sherlock"
"Q368, artist=Lorrayne, year=2000s, name=calculate"
"Q408, artist=Laughton, genre=progressive-house, name=Gorgeous, year=80s"
"Q41, name=Texas, genre=tango, year=2010s, artist=Krissie"
"Q242, artist=Brien"
"Q194, genre=r-n-b, artist=Keelia, year=2010s, name=collaborative"
"Q209, genre=power-pop, artist=Percy, name=red"
"Q121, year=2000s, genre=minimal-techno, name=navigate, artist=Jolee"
"Q323, genre=drum-and-bass"
"Q395, artist=Luigi"
"Q320, name=frame, year=90s, artist=Hana, genre=hardstyle"
"Q81, genre=ambient"
"Q356, year=2020s, genre=comedy, artist=Fey, name=hard drive"
"Q463, artist=Korella, name=zero tolerance, year=2000s"
"Q389, year=2000s"
"Q77, genre=classical"
"Q135, genre=honky-tonk"
"Q359, artist=Rebecca, name=Austria, genre=goth"
"Q116, year=80s, genre=jazz"
"Q430, genre=heavy-metal, year=2010s, name=Bedfordshire, artist=Seline"
"Q486, genre=mandopop, artist=Thia"
"Q379, artist=Caril, name=Shoes"
"Q362, name=deposit, year=70s, genre=turkish"
"Q11, name=Personal Loan Account"
"Q341, genre=post-dubstep, artist=Robinet, year=90s, name=Garden"
"Q351, artist=Faye"
"Q87, artist=Estrella, name=viral"
"Q254, artist=Kristyn, genre=funk, name=synthesize, year=2010s"
"Q437, artist=Herculie, name=Handcrafted Cotton Keyboard, genre=songwriter"
"Q213, artist=Giacobo"
"Q388, name=innovative, genre=world-music"
"Q374, year=60s, artist=Kliment, name=Personal Loan Account"
"Q404, artist=Myranda, year=2010s, genre=jazz"
"Q422, year=2020s, name=AGP"
"Q303, artist=Sara-ann"
"Q270, genre=honky-tonk, name=Berkshire, artist=Decca"
"Q329, artist=Esta"
"Q35, year=2010s, genre=j-idol"
"Q27, year=90s, artist=Eward, genre=work-out"
"Q222, genre=trance, name=Saint Vincent and the Grenadines, artist=Dehlia, year=60s"
"Q223, year=80s, artist=Heall, genre=anime"
"Q297, year=2010s"
"Q203, year=70s, name=Cross-group, artist=Cheslie, genre=holidays"
"Q108, artist=Shaina, year=90s, genre=romance"
"Q491, genre=electro, name=emulation, artist=Red"
"Q119, genre=disco, name=Suriname"
"Q12, artist=Gerianna"
"Q201, year=90s, name=Corporate, genre=progressive-house, artist=Marlow"
"Q296, artist=Cullan, genre=british"
"Q460, genre=rock-n-roll, name=Soft, year=2010s, artist=Lyda"
"Q361, year=80s, artist=Patten, genre=singer-songwriter, name=cultivate"
"Q252, genre=j-dance, artist=Hallsy, name=optical"
"Q246, artist=Corette, genre=soundtracks, name=Won, year=60s"
"Q403, artist=Annecorinne, genre=metal, year=60s"
"Q86, name=interactive"
"Q333, genre=forro, year=70s, name=Savings Account, artist=Chevalier"
"Q102, genre=trip-hop, artist=Ambur, year=70s, name=De-engineered"
"Q251, name=capacity, artist=Terza"
"Q94, artist=Cherlyn, year=70s, name=Berkshire, genre=emo"
"Q497, genre=blues, year=2020s"
"Q305, name=XML"
"Q97, artist=Kingston"
"Q317, genre=new-age"
"Q432, year=80s"
"Q16, genre=singer-songwriter, year=60s, name=Assistant, artist=Lucienne"
"Q66, genre=trance"
"Q84, genre=brazil, year=2020s, name=Expanded, artist=Cam"
"Q92, genre=singer-songwriter, artist=Donal"
"Q99, year=2020s, genre=mandopop"
"Q382, artist=Elianora, genre=techno, name=transparent, year=2000s"
"Q263, year=90s, name=deposit, artist=Sara-ann, genre=party"
"Q484, artist=Chip"
"Q271, year=2010s, genre=alt-rock, name=Cotton, artist=Vic"
"Q163, name=budgetary management, year=70s, artist=Denyse"
"Q243, artist=Naomi"
"Q266, artist=Rozamond"
"Q268, genre=hardcore"
"Q189, genre=indie"
"Q480, year=80s, name=Berkshire, artist=Niki, genre=mandopop"
"Q140, artist=Kore, genre=reggae, year=90s"
"Q10, genre=new-age, name=Money Market Account, artist=Yvonne, year=2020s"
"Q420, name=collaborative, year=2000s, artist=Ambrose"
"Q426, year=2000s, artist=Nevil, name=Integration"
"Q174, artist=Gwynne"
"Q45, name=Swedish Krona"
"Q67, name=withdrawal, year=2020s"
"Q360, year=2010s"
"Q419, artist=Konstance, genre=j-rock"
"Q240, genre=french, name=vortals"
"Q40, artist=Darelle"
"Q434, year=2010s, genre=kids"
"Q474, year=60s, artist=Carla, name=Plastic, genre=death-metal"
"Q36, artist=Judy, genre=acoustic, year=60s, name=redundant"
"Q130, artist=Silva, year=80s"
"Q114, name=Island"
"Q17, name=withdrawal, genre=honky-tonk"
"Q120, genre=world-music, year=2010s, artist=Freddi, name=magenta"
"Q468, artist=David, year=2020s, genre=mandopop, name=Loaf"
"Q131, year=70s"
"Q381, name=Berkshire"
"Q43, genre=hip-hop"
"Q5, name=deposit, genre=comedy, artist=Lucho, year=70s"
"Q485, name=XSS, genre=study, artist=Danika, year=90s"
"Q88, genre=trance, artist=Rosina"
"Q79, name=Auto Loan Account, genre=metalcore"
"Q173, year=70s, genre=emo"
"Q483, year=90s, artist=Justinn, name=Glen, genre=trance"
"Q110, name=eyeballs, year=60s, artist=Uriel, genre=german"
"Q324, year=80s"
"Q18, genre=dance, name=orchestrate, year=2010s, artist=Zebulen"
"Q21, year=70s, genre=breakbeat"
"Q367, genre=reggae, artist=Madelon, name=Faroe Islands"
"Q390, year=2010s, name=back-end"
"Q350, year=90s, artist=Alexa, name=Uganda, genre=german"
"Q282, name=International"
"Q115, year=2010s, genre=holidays"
"Q393, year=90s"
"Q218, artist=Hayyim, genre=brazil"
"Q299, artist=Agosto"
"Q118, year=90s, name=Solomon Islands Dollar, genre=hardstyle, artist=Egor"
"Q61, name=primary, genre=black-metal, year=90s, artist=Hayyim"
"Q104, name=Mobility"
"Q267, artist=Florinda, year=60s"
"Q421, artist=Jasun"
"Q363, year=2010s, name=systemic, genre=ambient"
"Q311, genre=iranian, artist=Teddy, name=architectures, year=90s"
"Q221, artist=Lotti, name=override, genre=dance, year=2010s"
"Q50, artist=Harrie, genre=dub"
"Q300, name=robust, artist=Donnamarie, genre=show-tunes, year=80s"
"Q473, genre=sleep"
"Q42, year=70s, name=Cambridgeshire, genre=grindcore"
"Q353, artist=Kellby"
"Q262, genre=rainy-day, year=70s"
"Q245, artist=Silvanus, name=Electronics, year=90s"
"Q490, artist=Zacherie, name=JBOD, genre=reggae"
"Q166, artist=Kaela, year=2010s, genre=j-pop"
"Q58, genre=movies, name=Directives"
"Q125, artist=Aubrey, name=end-to-end"
"Q493, name=Fresh, genre=children, artist=Horst, year=2000s"
"Q314, name=withdrawal, artist=Krispin"
"Q458, genre=guitar, year=70s, artist=Bat"
"Q95, name=Associate, genre=holidays, artist=Robenia, year=70s"
"Q68, name=Cambridgeshire, artist=Rurik, year=2020s"
"Q49, artist=Kelbee, genre=industrial, name=platforms"
"Q290, artist=Gwenora"
"Q308, name=Tunnel, artist=Meryl, genre=minimal-techno, year=2020s"
"Q487, name=dynamic, genre=breakbeat"
"Q354, name=Graphic Interface, artist=Jolee"
"Q438, name=TCP, year=2020s"
"Q3, artist=Carrol, genre=hardstyle"
"Q33, name=Licensed, genre=latin, year=70s"
"Q302, artist=Niki, genre=sleep, year=2000s, name=reboot"
"Q449, genre=tango, name=copy"
"Q357, genre=new-release, artist=Lauretta, name=Oregon"
"Q306, genre=alternative, name=Pizza, artist=Timothy, year=80s"
"Q199, name=Orchestrator, genre=children"
"Q9, year=2010s"
