"Q240, age=55"
"Q318, age=29"
"Q475, nationality=New Zealand, first_name=Myrna"
"Q388, first_name=Laurel, age=57, job=Assurance Designer, nationality=Austria"
"Q112, nationality=Turkey"
"Q380, nationality=India, last_name=Aronow, first_name=Conni"
"Q321, age=36"
"Q130, first_name=Willow, nationality=Brazil"
"Q160, nationality=Brazil, job=Integration Director, age=37"
"Q70, job=Paradigm Consultant, age=51, nationality=Russia"
"Q89, last_name=Scuffham, job=Web Developer, nationality=Sweden"
"Q305, age=62, first_name=Jolene"
"Q43, nationality=Russia, age=66"
"Q222, age=22, nationality=Thailand, last_name=Batalini"
"Q95, job=Markets Liaison, last_name=Sicily, nationality=Belarus"
"Q345, nationality=United Kingdom, job=Implementation Analyst"
"Q445, last_name=Ivakin"
"Q11, nationality=Portugal, first_name=Weidar, age=70"
"Q93, nationality=Spain"
"Q23, age=62, job=Interactions Specialist"
"Q140, last_name=Jolin, nationality=Australia, age=54"
"Q496, job=Branding Agent, first_name=Skipper, nationality=Ireland, last_name=Goodrich"
"Q241, age=41, job=Brand Architect, nationality=Mexico"
"Q44, first_name=Eduardo, nationality=Spain"
"Q448, job=Implementation Facilitator"
"Q207, first_name=Dukey"
"Q165, first_name=Carrol, nationality=Austria, age=35, last_name=Leefe"
"Q248, last_name=Tellett, first_name=Rafferty, nationality=Croatia"
"Q495, first_name=Kathi"
"Q176, nationality=Spain, age=23, last_name=Gloves, first_name=Monique"
"Q25, age=32, job=Program Technician, first_name=Samaria, nationality=Poland"
"Q271, first_name=Bonny, age=22"
"Q487, job=Intranet Orchestrator"
"Q78, job=Identity Administrator, age=80, last_name=Adamides, first_name=Ari"
"Q188, first_name=Lucienne, age=18"
"Q5, first_name=Gare, nationality=Mexico, job=Functionality Consultant"
"Q278, nationality=Qatar"
"Q347, first_name=Joe, nationality=Denmark, job=Security Administrator, last_name=McMurty"
"Q420, age=19, job=Applications Developer, first_name=Peggi"
"Q353, job=Web Consultant, first_name=Hedy"
"Q369, last_name=Midson, job=Quality Architect"
"Q230, nationality=Denmark, age=31, last_name=Darter"
"Q197, last_name=Pryn, age=65, first_name=Keefe"
"Q199, job=Metrics Developer, age=25"
"Q297, last_name=Brecken, nationality=Poland"
"Q79, first_name=Zackariah"
"Q158, last_name=Tomsett, job=Implementation Executive"
"Q32, nationality=Ireland, age=39, first_name=Jerrie"
"Q61, job=Marketing Analyst, first_name=Zacherie, age=47, last_name=Gorioli"
"Q253, first_name=Franklyn"
"Q170, job=Usability Strategist, age=29, nationality=Germany, last_name=Derye-Barrett"
"Q292, nationality=Portugal, last_name=Swindle, first_name=Marissa, age=60"
"Q460, last_name=Foxall, first_name=Mersey, job=Group Developer, nationality=China"
"Q56, last_name=Garbutt, job=Intranet Facilitator, age=38"
"Q60, first_name=Eddi, job=Implementation Coordinator, age=47"
"Q414, age=79, first_name=Atlante, last_name=Burhouse, job=Configuration Technician"
"Q288, last_name=Shrimplin"
"Q12, job=Tactics Analyst, first_name=Giovanna"
"Q108, job=Research Planner, last_name=von Grollmann, first_name=Barr, nationality=United Kingdom"
"Q458, last_name=Dameisele, first_name=Valera, nationality=Greece, job=Branding Producer"
"Q450, last_name=Ashingden"
"Q169, last_name=Bosward, first_name=Jack, nationality=Austria, job=Division Facilitator"
"Q357, first_name=Warde, last_name=Cuerda, job=Web Developer, age=62"
"Q263, job=Mobility Coordinator, first_name=Misty"
"Q443, last_name=Witherow, first_name=Bartlet"
"Q456, last_name=Gellibrand"
"Q434, last_name=Galvin, nationality=Belarus, age=18, first_name=Joye"
"Q363, first_name=Maxi, job=Program Facilitator, age=33"
"Q354, last_name=McCrie, first_name=Amalia, nationality=India"
"Q455, last_name=Dalyell, nationality=USA, age=75"
"Q239, age=39, last_name=Heather, first_name=Dulci"
"Q462, job=Group Consultant, first_name=Yvette, age=68"
"Q138, age=33"
"Q21, last_name=Abramovic, first_name=Augusto, job=Identity Manager"
"Q48, nationality=Ukraine"
"Q250, first_name=Donnamarie, age=54"
"Q204, nationality=Peru"
"Q189, last_name=Baynam, job=Web Designer, first_name=Nanice, nationality=Canada"
"Q172, last_name=Domingues, nationality=Greece, age=21"
"Q243, age=64, first_name=Drucie, job=Infrastructure Officer"
"Q142, last_name=Jolin, nationality=Finland, age=42"
"Q342, job=Group Manager, first_name=Mildred, last_name=Dorcey, nationality=Poland"
"Q378, first_name=Blithe, age=43, last_name=Heindrich, nationality=France"
"Q99, job=Markets Administrator, nationality=Belgium"
"Q38, age=46, first_name=Leroy, nationality=Peru"
"Q257, first_name=Carla"
"Q65, first_name=Nahum, age=39, last_name=Brundale, job=Branding Facilitator"
"Q344, last_name=Hencke, nationality=Portugal"
"Q52, nationality=Australia, last_name=Bolton, age=56, first_name=Elisha"
"Q367, first_name=Catriona, age=68"
"Q392, nationality=Russia, first_name=Odilia"
"Q435, age=31, job=Response Manager, last_name=Zupa, first_name=Care"
"Q186, age=59, job=Solutions Developer, nationality=Norway"
"Q451, last_name=Kuhl, age=58"
"Q171, job=Solutions Manager, age=30"
"Q245, nationality=Qatar, last_name=Jakubowicz, first_name=Robyn"
"Q237, age=66, job=Factors Officer"
"Q20, nationality=Cuba, last_name=Pagon, first_name=Jaimie"
"Q492, age=44"
"Q27, first_name=Olag, last_name=Kilby"
"Q14, first_name=Zackariah"
"Q10, job=Marketing Planner, last_name=Lukianov"
"Q115, job=Paradigm Agent, nationality=Denmark, age=30, first_name=Cooper"
"Q122, age=79, last_name=Braycotton, nationality=Croatia, job=Marketing Producer"
"Q384, nationality=Mexico, last_name=Fitzsymons, job=Configuration Technician, first_name=Ros"
"Q470, last_name=Bodycote, first_name=Syman, job=Interactions Technician"
"Q41, last_name=Yankishin, job=Group Executive"
"Q94, last_name=DeSousa"
"Q417, nationality=Turkey"
"Q467, age=51, last_name=Darlasson, first_name=Jedediah"
"Q35, last_name=Crannage, age=49, job=Interactions Architect, first_name=Carolee"
"Q47, job=Optimization Supervisor, last_name=Nore, age=71, first_name=Terrye"
"Q408, job=Communications Strategist"
"Q33, nationality=Turkey, last_name=Eldredge, job=Group Supervisor"
"Q223, last_name=Balchin, job=Assurance Consultant, nationality=United Kingdom"
"Q132, age=50, nationality=Argentina, job=Mobility Manager, first_name=Demetria"
"Q454, last_name=Winborn"
"Q428, last_name=Fitzsymons, first_name=Osbert, age=27, nationality=Switzerland"
"Q499, job=Solutions Consultant"
"Q81, last_name=Lyste, first_name=Osbert"
"Q439, age=60"
"Q375, job=Web Engineer, age=38"
"Q191, nationality=New Zealand"
"Q273, age=63, nationality=Vietnam, last_name=Bone"
"Q372, nationality=Japan, age=73, job=Implementation Strategist"
"Q374, nationality=Denmark"
"Q123, age=21, nationality=Spain, last_name=Elsdon"
"Q394, first_name=Whit, age=48, job=Operations Strategist"
"Q465, age=59"
"Q461, job=Intranet Orchestrator, last_name=Jurries"
"Q246, last_name=Fleming"
"Q275, nationality=Canada, job=Applications Consultant, first_name=Deerdre, last_name=Ranscomb"
"Q397, first_name=Alexina"
"Q444, job=Data Coordinator, last_name=Fleming, age=20, nationality=Cuba"
"Q181, first_name=Arabella, age=45, last_name=Willgress, job=Accounts Technician"
"Q338, nationality=India, job=Functionality Engineer, age=57"
"Q262, first_name=Joanna, nationality=Italy, age=44, job=Response Administrator"
"Q254, job=Assurance Manager, age=29"
"Q175, nationality=Austria, age=24, first_name=Consuela"
"Q425, job=Integration Officer"
"Q224, first_name=Bette"
"Q468, last_name=Rozzell, job=Configuration Developer"
"Q153, first_name=Rice, age=41, nationality=Cuba, job=Configuration Planner"
"Q366, age=44"
"Q114, first_name=Bette, nationality=Finland, age=40, last_name=Barnet"
"Q437, nationality=Norway, age=38, job=Integration Supervisor, last_name=Jakubowicz"
"Q225, age=43"
"Q220, nationality=Belgium, job=Accountability Director, first_name=Salome"
"Q272, last_name=Bowra, age=23"
"Q226, nationality=Germany, last_name=Gerssam, job=Division Analyst"
"Q4, first_name=Albert"
"Q282, nationality=Vietnam, age=51, first_name=Sloan"
"Q433, job=Operations Architect, first_name=Alexia"
"Q67, first_name=Zebulen, age=20, last_name=Bartolic, job=Creative Technician"
"Q310, first_name=Nevsa, job=Usability Associate, nationality=Germany"
"Q452, last_name=Langdale, nationality=Thailand, age=48, job=Functionality Associate"
"Q264, last_name=Ryson"
"Q401, first_name=Stewart, age=64"
"Q19, last_name=Negus"
"Q212, job=Operations Consultant, first_name=Carola, age=76"
"Q274, first_name=Hallsy, age=31, job=Metrics Developer"
"Q228, age=66, first_name=Nevil, job=Configuration Specialist, last_name=Swainston"
"Q483, age=24, last_name=Gainsboro, nationality=Argentina"
"Q198, nationality=Canada, first_name=Bryan, last_name=Sloyan, job=Applications Designer"
"Q6, job=Configuration Orchestrator, last_name=Romain, age=67"
"Q68, job=Accountability Representative, nationality=Vietnam, first_name=Francine"
"Q92, first_name=Julianne"
"Q98, last_name=McMurty, age=36"
"Q260, first_name=Taddeusz, age=26, nationality=Italy"
"Q251, job=Accountability Liaison, age=60, first_name=Ilaire, nationality=USA"
"Q281, first_name=Chantalle, last_name=Dobbs, nationality=USA"
"Q219, first_name=Allyce, job=Directives Engineer"
"Q83, last_name=Dartnall, nationality=Mexico, age=76"
"Q340, last_name=Strood"
"Q2, first_name=Keefe"
"Q320, nationality=Belgium, first_name=Nicolle, job=Infrastructure Assistant"
"Q7, first_name=Umberto"
"Q476, job=Assurance Planner, first_name=Humfried, nationality=United Kingdom, age=69"
"Q111, last_name=Taillant, first_name=Nomi, age=44"
"Q421, last_name=Rippin, nationality=Netherlands, first_name=Tiphanie, age=37"
"Q311, nationality=Croatia"
"Q1, first_name=Rafaellle, age=59, last_name=Reaper"
"Q296, first_name=Caitrin, nationality=Austria, last_name=Childes"
"Q314, job=Data Officer, last_name=Atchly, first_name=Delila"
"Q234, last_name=Bibey, nationality=China, age=78, job=Creative Designer"
"Q84, job=Paradigm Administrator"
"Q233, job=Tactics Administrator, first_name=Janeva, age=30"
"Q104, nationality=Ireland, age=48, first_name=Georgianne, job=Configuration Representative"
"Q205, nationality=Spain"
"Q143, age=18, job=Division Liaison, last_name=Dufore, first_name=Brose"
"Q174, age=37"
"Q64, nationality=Denmark"
"Q287, age=79, nationality=Portugal"
"Q319, age=32"
"Q177, first_name=Keelia, last_name=Franzolini"
"Q316, job=Factors Producer"
"Q488, first_name=Kahlil, job=Brand Producer, age=75, last_name=Melloy"
"Q141, nationality=Switzerland, job=Program Designer, last_name=McCrie"
"Q151, first_name=Odetta, nationality=Cuba, age=30"
"Q209, age=31"
"Q213, last_name=Midson, nationality=France, job=Brand Orchestrator, first_name=Ansel"
"Q362, age=58, job=Data Officer"
"Q134, last_name=Karpychev"
"Q299, first_name=Stevana, last_name=Hebner"
"Q194, nationality=China"
"Q100, age=59, nationality=Belgium, last_name=Aucott, job=Operations Administrator"
"Q270, last_name=Peggs, job=Branding Coordinator, first_name=Hans"
"Q107, job=Accountability Officer, first_name=Bryant"
"Q69, first_name=Allyce, nationality=Portugal"
"Q121, first_name=Marillin, last_name=O'Giany, job=Assurance Architect, age=62"
"Q497, first_name=Patten, nationality=Italy, job=Identity Engineer, age=26"
"Q195, age=51"
"Q339, last_name=Ashingden"
"Q432, last_name=Rudeyeard, nationality=India, first_name=Marisa, job=Group Administrator"
"Q431, nationality=Ukraine, age=30"
"Q289, nationality=Turkey, age=29, job=Tactics Liaison, first_name=Lorrin"
"Q333, job=Group Officer, nationality=Ukraine, first_name=Prescott"
"Q206, age=34, job=Applications Orchestrator, first_name=Debee, last_name=Bim"
"Q426, age=22, last_name=Petrello, job=Marketing Administrator"
"Q74, job=Quality Director, first_name=Leese, age=26, nationality=New Zealand"
"Q391, age=52, first_name=Major"
"Q126, job=Accountability Executive"
"Q238, nationality=India, age=50, first_name=Tobie"
"Q201, age=70"
"Q59, first_name=Gerhardt"
"Q361, job=Factors Associate, last_name=Cattel, nationality=Russia, first_name=Myrle"
"Q422, age=43, last_name=Ciccottio, nationality=Belarus"
"Q286, age=71, nationality=India, job=Factors Executive, first_name=Joni"
"Q295, first_name=Margaux, age=28, nationality=Mexico, job=Branding Consultant"
"Q71, first_name=Rena"
"Q145, nationality=Australia, first_name=Frances, job=Configuration Specialist"
"Q469, nationality=India, age=70, first_name=Elset"
"Q40, job=Directives Agent"
"Q385, age=37"
"Q405, nationality=Norway, job=Mobility Designer"
"Q154, last_name=Negus"
"Q148, last_name=Padgham, job=Intranet Liaison"
"Q133, nationality=Austria, age=63, job=Branding Designer, first_name=Rozamond"
"Q277, age=62, first_name=Ario, nationality=United Kingdom, last_name=Martinon"
"Q156, first_name=Tracee, age=42"
"Q290, last_name=De Normanville"
"Q163, job=Data Facilitator"
"Q490, first_name=Sibby"
"Q131, nationality=Indonesia, age=28, job=Web Engineer, first_name=Brien"
"Q326, job=Branding Agent"
"Q303, nationality=Ukraine"
"Q39, nationality=Brazil, age=79, first_name=Agosto"
"Q244, age=19, first_name=Alexei, nationality=USA"
"Q101, job=Division Supervisor, first_name=Niki"
"Q57, first_name=Kimberly, nationality=Spain"
"Q196, nationality=India, last_name=Stebbings"
"Q30, nationality=Norway, job=Configuration Manager, last_name=Parradine, age=69"
"Q396, age=59, first_name=Gare, job=Branding Orchestrator"
"Q436, last_name=Strood, job=Accountability Associate, nationality=Thailand, first_name=Hyatt"
"Q474, first_name=Jessee, nationality=Japan, job=Implementation Coordinator"
"Q13, nationality=Thailand, age=43, last_name=Culross"
"Q323, age=78, last_name=Dungey"
"Q157, job=Accountability Technician, last_name=Frogley"
"Q484, last_name=Menure, job=Applications Associate, age=29"
"Q75, nationality=Mexico"
"Q331, nationality=Canada"
"Q109, last_name=Yendle"
"Q162, job=Functionality Supervisor"
"Q0, job=Research Associate, last_name=Damiata"
"Q412, last_name=Litster, job=Division Producer, age=24"
"Q124, nationality=Chile"
"Q440, last_name=Pollen, first_name=Gayler, nationality=Austria, age=71"
"Q214, age=38, nationality=Switzerland, job=Accounts Technician, last_name=Chevers"
"Q447, nationality=Turkey"
"Q328, last_name=Schindler, nationality=France, first_name=Donnamarie"
"Q309, nationality=Thailand, age=63, last_name=Avrahm, job=Division Liaison"
"Q348, nationality=Ireland, first_name=Kaylee, age=70, job=Factors Coordinator"
"Q85, last_name=Petteford, first_name=Bette, age=60, nationality=Japan"
"Q446, job=Accounts Facilitator, age=74"
"Q144, last_name=Poulston, age=55, job=Group Producer"
"Q150, job=Markets Administrator, first_name=Warde"
"Q315, job=Applications Consultant, first_name=Dalis, nationality=Sweden, age=73"
"Q258, nationality=Vietnam"
"Q473, age=31, first_name=Nanice, nationality=Cuba"
"Q478, job=Factors Engineer, nationality=Japan, first_name=Alfi"
"Q66, last_name=Willetts"
"Q28, nationality=China, first_name=Meggie, job=Tactics Designer"
"Q45, last_name=Muttock, nationality=Ukraine, age=32"
"Q116, age=27, first_name=Eadith, last_name=Revans"
"Q464, age=46, last_name=Lisciandro, nationality=China"
"Q135, job=Response Specialist, first_name=Augy"
"Q493, last_name=Pellamont, job=Operations Designer, age=24"
"Q400, last_name=Clows"
"Q72, first_name=Rosetta"
"Q301, nationality=Germany, job=Usability Orchestrator, age=37"
"Q322, age=35"
"Q457, age=77, nationality=United Kingdom, first_name=Katy"
"Q86, first_name=Whit"
"Q302, age=79, job=Solutions Liaison, nationality=Spain, first_name=Leoline"
"Q404, first_name=Stacia, age=78, job=Program Analyst, last_name=Hedgeman"
"Q203, nationality=Thailand"
"Q265, first_name=Paulie"
"Q106, age=78, first_name=Holli, last_name=Romain, nationality=United Kingdom"
"Q96, job=Applications Agent, first_name=Shoshana, age=40, last_name=Broxton"
"Q284, nationality=Australia"
"Q379, job=Branding Administrator, first_name=Luce, age=47, nationality=Belarus"
"Q471, job=Factors Engineer, age=27, nationality=Austria, first_name=Rosetta"
"Q37, age=50, nationality=Denmark, job=Brand Agent"
"Q152, job=Branding Specialist, first_name=Stevana, nationality=Australia"
"Q73, nationality=Vietnam, age=63"
"Q218, first_name=Alfi, nationality=China"
"Q352, age=76, last_name=MacGillacolm, first_name=Elly"
"Q187, age=36"
"Q110, age=43, first_name=Brier, job=Marketing Associate"
"Q36, job=Functionality Engineer"
"Q370, last_name=Goodrich, first_name=Fiona, nationality=Peru"
"Q395, first_name=Bird"
"Q173, nationality=Qatar, age=59"
"Q459, job=Program Engineer, last_name=Kirckman, age=65"
"Q327, nationality=Croatia, last_name=Fowlds"
"Q441, age=75, first_name=Briny, last_name=Durak"
"Q472, age=76"
"Q266, job=Configuration Architect, first_name=Cecilio, nationality=Ireland, last_name=Hungerford"
"Q413, age=21"
"Q34, first_name=Heindrick, job=Program Assistant, last_name=Berisford"
"Q215, job=Tactics Facilitator, first_name=Sophi, last_name=Willmore"
"Q192, last_name=Abramovic"
"Q242, age=35, first_name=Vinny, nationality=Brazil, job=Integration Agent"
"Q15, first_name=Ari, last_name=Satchell, age=73"
"Q341, job=Web Producer, nationality=Vietnam, first_name=Uriel, last_name=MacAllan"
"Q120, age=80, last_name=Martyns"
"Q50, first_name=Auria, age=58, nationality=USA"
"Q211, nationality=Belgium, age=45, last_name=Golds"
"Q276, first_name=Clemmie, age=18, nationality=India"
"Q364, job=Infrastructure Administrator, nationality=Netherlands, first_name=Essy, last_name=Priestnall"
"Q168, age=27, first_name=Saloma, job=Implementation Director, nationality=Greece"
"Q129, age=22"
"Q179, last_name=Dransfield, job=Accounts Supervisor, age=29, nationality=USA"
"Q182, job=Markets Architect"
"Q247, age=74, last_name=Giroldo, nationality=Vietnam"
"Q87, age=78, last_name=Rosenfeld, first_name=Osbert"
"Q386, age=24, nationality=Portugal, job=Implementation Agent"
"Q403, last_name=Dutnall, age=69, nationality=France, first_name=Ardis"
"Q125, job=Metrics Consultant, nationality=Ireland, first_name=Darda, last_name=McCloughen"
"Q406, last_name=Lisciandro"
"Q178, last_name=Mordey, first_name=Elisha, job=Infrastructure Analyst"
"Q482, age=33, last_name=Wharin"
"Q349, last_name=Addenbrooke, first_name=Darn, job=Web Officer"
"Q365, last_name=Kingsland, job=Marketing Officer"
"Q202, job=Applications Supervisor"
"Q8, job=Group Manager, nationality=Poland"
"Q217, nationality=Croatia"
"Q77, age=72, last_name=Rooney"
"Q399, last_name=Severs"
"Q335, age=61, last_name=Midson, job=Integration Supervisor, first_name=Stacee"
"Q485, age=56"
"Q358, last_name=Dartnall, nationality=Ukraine, first_name=Brant, job=Assurance Facilitator"
"Q411, age=31"
"Q381, job=Branding Liaison"
"Q389, nationality=Croatia, age=58"
"Q155, last_name=Croall, age=26, first_name=Marvin, job=Division Specialist"
"Q62, nationality=Italy, last_name=Jeanenet, age=52"
"Q208, age=23, last_name=Balducci"
"Q407, last_name=Heindrich"
"Q383, age=52, last_name=Kemet, first_name=Ced"
"Q479, nationality=Netherlands, age=54"
"Q427, job=Solutions Liaison, nationality=USA, last_name=Pryn, age=43"
"Q252, job=Accountability Supervisor, nationality=France"
"Q466, last_name=Ellcome, first_name=Victor"
"Q46, nationality=Netherlands"
"Q356, last_name=Kubalek, job=Division Agent"
"Q360, first_name=Jammal, last_name=Graves"
"Q368, age=63"
"Q304, age=37, nationality=Norway"
"Q423, first_name=Meredithe, last_name=Ligerton, nationality=New Zealand"
"Q82, age=70"
"Q185, age=21, first_name=Lian"
"Q402, last_name=Wigfield, first_name=Shena, job=Operations Executive"
"Q180, age=75"
"Q308, first_name=Marlow, age=50, nationality=Indonesia"
"Q359, nationality=Indonesia, job=Implementation Administrator"
"Q136, age=41"
"Q193, age=79, nationality=Argentina, last_name=Chave"
"Q88, age=38, last_name=Brade"
"Q97, job=Security Liaison, age=40"
"Q491, age=40, first_name=Perrine, job=Communications Producer, nationality=Germany"
"Q351, job=Functionality Architect, last_name=Swainston"
"Q103, age=38, first_name=Dinah, job=Intranet Specialist, last_name=Tewkesbury."
"Q373, last_name=Legges, job=Infrastructure Agent, nationality=Austria, first_name=Davy"
"Q393, last_name=Haffenden, age=78, job=Creative Orchestrator, first_name=Tommy"
"Q105, age=62, nationality=Australia"
"Q330, nationality=New Zealand"
"Q26, last_name=Banfill"
"Q382, nationality=New Zealand, last_name=Missen, job=Optimization Supervisor"
"Q337, nationality=Argentina, job=Paradigm Representative, first_name=Kayle"
"Q390, last_name=Pierucci, nationality=Switzerland"
"Q498, first_name=Horst, job=Integration Manager, last_name=Dot"
"Q166, job=Marketing Orchestrator, age=46, nationality=France, last_name=Leveritt"
"Q118, job=Creative Designer, age=19, first_name=Rasia"
"Q235, job=Data Executive, nationality=Vietnam, last_name=Gosselin"
"Q371, age=32, last_name=Ligerton, job=Infrastructure Developer"
"Q494, job=Communications Officer, nationality=Ireland, age=27, last_name=Henken"
"Q438, last_name=Pigeon, first_name=Johnette"
"Q256, age=54, first_name=Osbert, nationality=Germany, last_name=Cantor"
"Q343, age=78, nationality=Russia, job=Optimization Administrator"
"Q18, age=21, last_name=Chastel"
"Q346, nationality=Ireland, job=Division Assistant, last_name=Feirn"
"Q332, age=51, nationality=France, last_name=Wicken, first_name=Melisenda"
"Q424, nationality=Argentina, last_name=Trathen"
"Q146, first_name=Maybelle, age=79, job=Solutions Coordinator, last_name=Stearnes"
"Q24, job=Optimization Coordinator, first_name=Genovera"
"Q227, first_name=Rena"
"Q317, last_name=Antoshin, nationality=Croatia, first_name=Megen"
"Q294, last_name=Trathen, first_name=Kirstin, nationality=Peru, age=36"
"Q29, age=21"
"Q184, nationality=China, age=19, last_name=Curm"
"Q298, nationality=United Kingdom, age=59"
"Q293, nationality=Chile, age=79"
"Q42, nationality=Peru, job=Brand Consultant, last_name=von Grollmann"
"Q55, last_name=Denver, first_name=Sharlene, age=73, job=Interactions Liaison"
"Q22, last_name=Brazelton, nationality=Denmark, first_name=Gare"
"Q429, nationality=Poland, age=37"
"Q279, age=24, first_name=Tamar"
"Q159, age=51"
"Q409, nationality=Qatar"
"Q267, job=Accounts Developer, age=39, last_name=Bowra"
"Q58, last_name=Foxton"
"Q16, age=64, first_name=Maybelle"
"Q119, first_name=Burt"
"Q449, job=Quality Director, nationality=Canada, age=80"
"Q167, last_name=Burdess"
"Q54, last_name=Yeats, job=Identity Developer, first_name=Barbra, nationality=Japan"
"Q249, first_name=Corette, last_name=Curuclis, age=50"
"Q216, first_name=Madelena, last_name=McAree"
"Q261, job=Markets Analyst, nationality=Thailand, age=57"
"Q183, nationality=India, last_name=Horwell"
"Q329, job=Group Strategist, last_name=Brimner, nationality=France"
"Q231, first_name=Nertie"
"Q49, age=34, first_name=Lyn"
"Q285, age=80, first_name=Darcee"
"Q190, last_name=Macconaghy, first_name=Nobie, nationality=Belarus, age=19"
"Q324, last_name=Mordey"
"Q210, job=Directives Coordinator, nationality=Peru, age=58"
"Q90, nationality=Norway, age=24, first_name=Kelsey"
"Q291, age=43"
"Q17, last_name=Gosselin, nationality=Netherlands"
"Q127, job=Implementation Specialist, last_name=Tompion"
"Q312, job=Usability Architect, nationality=Peru"
"Q137, age=57, first_name=Sarita, job=Accounts Executive, nationality=China"
"Q410, last_name=Prowting, nationality=Spain, age=59"
"Q306, job=Implementation Executive"
"Q416, first_name=Kippy, age=40"
"Q398, last_name=Swainston, first_name=Sibby, job=Markets Officer, age=52"
"Q221, nationality=Argentina"
"Q419, first_name=Peggi, last_name=Foxall, age=28, nationality=Argentina"
"Q387, nationality=Vietnam"
"Q334, last_name=Copnell, nationality=Peru, job=Markets Supervisor"
"Q232, first_name=Viv"
"Q313, last_name=Schutze"
"Q161, nationality=Brazil"
"Q377, last_name=Cropton, nationality=Australia, age=52, job=Creative Supervisor"
"Q453, job=Solutions Analyst"
"Q128, last_name=Topham, age=49"
"Q200, job=Quality Administrator"
"Q31, first_name=Major, job=Assurance Developer, last_name=Causbey"
"Q481, last_name=Darter, first_name=Matty, nationality=Ireland, age=59"
"Q280, job=Accountability Coordinator, age=58"
"Q269, job=Configuration Supervisor"
"Q229, first_name=Roosevelt, nationality=Indonesia"
"Q80, last_name=Rosenbaum, age=62"
"Q283, job=Intranet Developer, first_name=Madelon"
"Q259, first_name=Hyacinthia, age=45, last_name=Windham"
"Q355, age=46"
"Q336, first_name=Nadine"
"Q307, last_name=Scarse, nationality=Canada, job=Division Liaison, age=25"
"Q477, nationality=Japan, job=Usability Designer"
"Q3, age=67, nationality=Peru, first_name=Jody, job=Markets Administrator"
"Q113, nationality=Turkey, job=Branding Planner, first_name=Nora"
"Q9, age=54, nationality=Norway, job=Infrastructure Administrator, first_name=Myranda"
"Q418, age=57, job=Division Orchestrator, last_name=Dunsmore"
"Q117, first_name=Danie, last_name=Sealy, age=43, job=Applications Assistant"
"Q255, first_name=Zacharie, age=31"
"Q91, first_name=Tracee, age=39, job=Metrics Administrator, last_name=Blankley"
"Q268, last_name=Malthus, age=44, nationality=France, first_name=Feliza"
"Q76, age=46, first_name=Annecorinne, nationality=Brazil"
"Q139, job=Response Officer"
"Q63, last_name=Conneau, nationality=Ireland"
"Q350, last_name=Lamlin"
"Q53, nationality=Denmark, age=23, last_name=Leonards, first_name=Cathyleen"
"Q442, nationality=Vietnam"
"Q486, last_name=Lanphier, first_name=Lyndsie"
"Q300, nationality=Qatar, age=41, last_name=Garham, job=Mobility Planner"
"Q236, first_name=Essy, nationality=Sweden"
"Q463, first_name=Edith, last_name=Adami, job=Factors Analyst"
"Q489, age=51"
"Q430, first_name=Rolph, age=64, job=Identity Strategist, nationality=USA"
"Q147, last_name=Garbutt, age=42, nationality=India, job=Branding Designer"
"Q415, nationality=Croatia"
"Q51, nationality=Belarus, first_name=Kristo, last_name=Tellett, age=39"
"Q149, last_name=Stilgo, nationality=Spain, job=Operations Analyst"
"Q480, nationality=Canada, age=79, last_name=Feaviour"
"Q376, nationality=Japan"
"Q325, first_name=Charyl, last_name=Gilder"
"Q102, job=Tactics Liaison"
"Q164, last_name=Cockings, nationality=Germany"
