"Q27, nationality=Argentina, genre=Horror, name=hack hybrid, duration=138"
"Q115, genre=Adventure, duration=165, name=invoice Metal, nationality=Greece"
"Q135, duration=169, genre=Mystery, name=Automated extensible, nationality=Cuba"
"Q497, name=synthesizing applications"
"Q316, name=maximize Taiwan, nationality=USA, duration=220"
"Q414, name=Concrete partnerships, duration=144, nationality=Greece, genre=Western"
"Q358, name=Belarus iterate, duration=155"
"Q34, duration=128, genre=Adventure"
"Q207, nationality=USA, genre=Drama"
"Q432, duration=180"
"Q366, duration=215"
"Q49, duration=140, genre=Fantasy, name=Iowa Ergonomic"
"Q395, duration=187"
"Q421, genre=Western, name=Walks Customer, nationality=Australia"
"Q243, genre=Fantasy, nationality=Switzerland"
"Q189, genre=Documentary, duration=191, nationality=New Zealand, name=Stravenue Illinois"
"Q423, genre=Romance"
"Q181, duration=220"
"Q405, duration=156"
"Q498, nationality=Switzerland, duration=91, genre=Action, name=JSON ability"
"Q288, duration=100, name=invoice applications, genre=Adventure, nationality=Ukraine"
"Q485, nationality=Portugal, duration=102, genre=Musical, name=Buckinghamshire Chips"
"Q109, genre=Musical, name=Investment Account Refined"
"Q177, name=Zloty calculate, nationality=Chile, genre=Biography"
"Q279, genre=Sci-Fi"
"Q101, duration=169"
"Q266, nationality=Norway, duration=126"
"Q343, duration=189"
"Q495, name=supply-chains Small, nationality=Chile, duration=215, genre=Western"
"Q315, name=end-to-end azure"
"Q151, duration=92"
"Q180, duration=145, nationality=Finland, genre=Musical"
"Q466, genre=Thriller, nationality=Switzerland, name=compress open-source, duration=182"
"Q318, name=bypass reinvent, nationality=Ireland, duration=227"
"Q134, nationality=Australia, genre=Drama"
"Q183, name=Corporate Generic Cotton Bacon, genre=Horror, nationality=Belarus"
"Q353, genre=Musical, duration=187, name=Multi-tiered Handcrafted, nationality=Sweden"
"Q473, nationality=Finland"
"Q357, duration=91"
"Q338, name=Monitored well-modulated, nationality=Netherlands, duration=186"
"Q193, duration=133, nationality=Poland, genre=Sports, name=Table e-enable"
"Q79, duration=91, nationality=China"
"Q162, duration=104, nationality=Thailand"
"Q76, duration=214"
"Q383, duration=147"
"Q433, name=Highway quantifying, nationality=Peru, duration=215, genre=Musical"
"Q164, duration=195"
"Q204, genre=Thriller, name=6th generation Applications"
"Q492, nationality=Australia"
"Q293, nationality=Ireland"
"Q465, duration=106, name=overriding Idaho, genre=Children"
"Q133, name=Granite Soft, nationality=Norway"
"Q32, name=Unbranded Devolved, nationality=Finland, genre=Western, duration=219"
"Q21, name=Central SMS, nationality=Australia, duration=123, genre=Western"
"Q327, name=violet Motorway, genre=Documentary, duration=208"
"Q310, name=Multi-channelled Sleek Cotton Ball"
"Q459, name=navigating payment, nationality=Mexico, duration=174, genre=Comedy"
"Q94, duration=115, name=mobile Borders, nationality=Spain"
"Q68, name=Group Nepalese Rupee, nationality=China, genre=Animation, duration=135"
"Q309, name=facilitate solutions, genre=Action, duration=139, nationality=Qatar"
"Q280, genre=Biography"
"Q313, name=interface transmitter, genre=Documentary, duration=98"
"Q348, name=portal navigate"
"Q241, name=Concrete partnerships"
"Q375, name=index Prairie, genre=Mystery, nationality=Germany, duration=191"
"Q448, genre=Documentary, nationality=China"
"Q468, genre=Fantasy, duration=175"
"Q282, duration=206, name=ROI eco-centric, nationality=Denmark"
"Q106, name=Cross-group Belarussian Ruble"
"Q50, nationality=Denmark, genre=Children, duration=200"
"Q476, name=Dynamic Mobility"
"Q152, duration=118, genre=Biography, nationality=Peru"
"Q179, nationality=USA"
"Q168, name=system Architect"
"Q460, duration=233, genre=Romance"
"Q488, duration=123, name=transmit Refined, genre=Historical, nationality=Peru"
"Q62, duration=163, nationality=Italy, name=Granite Home Loan Account, genre=Western"
"Q95, duration=189"
"Q105, genre=Action, duration=164"
"Q319, duration=190, nationality=Mexico"
"Q413, genre=Drama, nationality=Belgium"
"Q56, name=Iraq invoice, nationality=United Kingdom, duration=106"
"Q297, genre=Documentary, duration=156"
"Q331, nationality=Denmark, duration=108, name=withdrawal North Carolina, genre=Western"
"Q389, name=purple Crest"
"Q194, name=Generic transmitting, duration=118"
"Q148, name=Phased JSON"
"Q467, nationality=Peru"
"Q136, name=parse Bangladesh, genre=Action"
"Q140, name=Spurs JSON, genre=Comedy, nationality=United Kingdom, duration=113"
"Q216, name=Incredible backing up, genre=War, nationality=Denmark"
"Q131, nationality=Russia, name=Fantastic Frozen Pizza PCI, genre=Mystery"
"Q215, nationality=Spain, duration=130, genre=Musical, name=invoice Marketing"
"Q334, genre=Romance"
"Q427, name=circuit payment, duration=167, genre=Western, nationality=Argentina"
"Q463, name=quantifying Generic, genre=Biography, duration=123"
"Q235, duration=233, genre=Romance, name=Electronics Home"
"Q479, name=mobile deposit, duration=166"
"Q378, duration=159, genre=Thriller, name=invoice Generic, nationality=Croatia"
"Q346, genre=Fantasy, name=SSL program, duration=203"
"Q20, genre=Western, name=Program Manager, duration=207"
"Q424, nationality=Turkey, name=Orchestrator Electronics"
"Q210, genre=Sci-Fi, nationality=Sweden"
"Q196, nationality=Russia, name=website wireless"
"Q321, genre=Romance, name=Delaware black, nationality=Denmark"
"Q65, duration=209, genre=Musical"
"Q329, name=discrete seize, nationality=Austria, genre=Adventure, duration=208"
"Q4, nationality=Spain, duration=99, genre=Horror"
"Q253, duration=203, nationality=USA, genre=Mystery"
"Q286, duration=137, nationality=Mexico, name=Brand hacking"
"Q72, duration=233, name=cutting-edge Czech Koruna, genre=Film-Noir"
"Q359, duration=100"
"Q445, genre=Action"
"Q124, genre=Biography, duration=123, name=quantifying Generic, nationality=Italy"
"Q146, duration=95, genre=War, nationality=Switzerland, name=Fresh asynchronous"
"Q205, name=Checking Account Home Loan Account, duration=183, genre=Film-Noir, nationality=Ireland"
"Q425, genre=Horror, name=logistical Gabon, nationality=United Kingdom, duration=115"
"Q155, genre=Comedy, duration=121, name=copy Usability, nationality=Denmark"
"Q400, genre=Historical, name=Operations conglomeration"
"Q428, name=transmit Refined, nationality=Peru, genre=Historical"
"Q499, genre=Animation, nationality=USA, duration=152"
"Q3, nationality=India, duration=112, genre=Romance"
"Q247, genre=Musical, name=Berkshire Stand-alone"
"Q63, name=bandwidth-monitored structure"
"Q322, genre=Western, duration=148, nationality=Finland, name=Officer solution-oriented"
"Q174, nationality=Indonesia, duration=162, name=Concrete Group, genre=Children"
"Q169, name=AI Baby"
"Q57, nationality=Mexico, duration=158, genre=Sci-Fi"
"Q244, nationality=Turkey, genre=Western, name=connect dynamic, duration=175"
"Q100, nationality=China, duration=93, name=Branding RSS"
"Q161, genre=Biography, duration=170, nationality=Cuba, name=Refined Handmade Granite Table"
"Q257, nationality=Belarus"
"Q260, genre=Thriller"
"Q482, duration=101, nationality=Italy, genre=Historical"
"Q489, nationality=France, duration=144"
"Q73, name=plug-and-play Triple-buffered, duration=172, genre=Children"
"Q474, duration=98, name=hack Avon, nationality=Belgium"
"Q245, genre=Comedy, nationality=Russia"
"Q339, genre=Adventure, nationality=Ireland"
"Q51, nationality=Austria, genre=Comedy"
"Q172, genre=Film-Noir, duration=155, name=optical Field, nationality=Mexico"
"Q98, name=product Investor, nationality=Sweden, genre=Fantasy, duration=223"
"Q470, genre=Mystery, nationality=Finland, duration=207"
"Q332, name=Program Soft, genre=Adventure"
"Q158, duration=196, nationality=Norway, name=navigating tan"
"Q274, genre=War, duration=91, name=Singapore Bacon"
"Q354, name=digital cross-platform, genre=Romance, duration=223, nationality=Indonesia"
"Q7, nationality=Thailand, duration=223, name=Won Forward"
"Q493, nationality=Canada, genre=Historical"
"Q441, name=Soft Soft, nationality=Brazil, duration=104, genre=Fantasy"
"Q130, name=intranet redundant, genre=Biography, duration=113, nationality=Sweden"
"Q187, genre=Children, duration=152, name=methodologies withdrawal, nationality=United Kingdom"
"Q374, name=Tennessee overriding, duration=201, genre=Children, nationality=Mexico"
"Q308, genre=Biography, nationality=Russia, duration=130"
"Q269, genre=Film-Noir, name=synergistic District"
"Q60, name=Cambridgeshire cyan"
"Q128, nationality=Netherlands, name=redundant Tasty Granite Bacon"
"Q53, duration=176, nationality=China, name=Home Loan Account Intelligent, genre=Documentary"
"Q59, genre=Children, name=feed granular"
"Q440, duration=236, name=Bike Plastic"
"Q198, duration=130, name=hacking Massachusetts, genre=Biography, nationality=Brazil"
"Q351, name=Distributed Mall, duration=167, nationality=Qatar"
"Q38, duration=159, genre=Animation, nationality=Greece, name=repurpose Movies"
"Q457, nationality=Netherlands, name=Branding Ergonomic, duration=209, genre=Mystery"
"Q325, nationality=Norway, genre=Comedy"
"Q419, genre=Comedy, nationality=Indonesia, duration=150, name=Vatu end-to-end"
"Q341, duration=123, nationality=Mexico, name=wireless JSON"
"Q299, genre=Biography, name=bleeding-edge Pass, duration=208, nationality=Australia"
"Q487, nationality=Netherlands"
"Q0, name=View International, genre=Drama, duration=170, nationality=Turkey"
"Q434, duration=221, nationality=Belarus"
"Q372, name=Facilitator Central, nationality=Portugal, genre=Musical, duration=240"
"Q384, nationality=Switzerland, genre=Historical, name=sensor Licensed Plastic Soap, duration=142"
"Q486, nationality=United Kingdom, duration=209, genre=Children, name=Bedfordshire UIC-Franc"
"Q96, duration=171, genre=Romance"
"Q40, genre=Sci-Fi, nationality=Greece, duration=214"
"Q26, duration=159"
"Q223, duration=225"
"Q270, name=quantify COM, duration=192, nationality=USA, genre=Thriller"
"Q342, name=Avon Run, genre=Thriller"
"Q376, genre=Biography, duration=104, nationality=Netherlands, name=invoice Ergonomic"
"Q415, duration=218, genre=Musical"
"Q229, duration=90, nationality=Croatia, name=wireless bluetooth"
"Q412, name=Money Market Account Avon"
"Q203, genre=Biography, duration=122"
"Q222, genre=Fantasy, duration=111, nationality=Italy, name=Multi-channelled Sleek Cotton Ball"
"Q385, nationality=Sweden, duration=203, genre=Musical"
"Q122, genre=Comedy"
"Q86, name=functionalities function, duration=188"
"Q337, nationality=Cuba, name=invoice Investment Account"
"Q324, genre=Biography"
"Q125, name=Thailand Stand-alone, duration=155, nationality=India"
"Q160, genre=Fantasy, nationality=Mexico, duration=112"
"Q47, name=backing up collaborative, genre=Drama, nationality=Argentina"
"Q356, duration=105, genre=Historical, nationality=Thailand, name=Unbranded Metal Keyboard Home Loan Account"
"Q93, duration=228, genre=Biography, nationality=Austria, name=violet Shirt"
"Q36, duration=223, nationality=Indonesia, name=interfaces Designer"
"Q154, genre=Mystery, name=Wyoming content, nationality=Belgium, duration=178"
"Q176, name=Towels hard drive"
"Q462, nationality=Italy, name=Salad maximize, duration=229, genre=Adventure"
"Q347, genre=War, nationality=New Zealand, name=FTP Multi-channelled, duration=138"
"Q426, genre=Fantasy"
"Q33, nationality=Poland, name=Intelligent quantifying, duration=228, genre=Horror"
"Q335, name=Metal back-end, duration=230"
"Q333, name=Savings Account HDD, nationality=Italy"
"Q249, genre=Western, duration=102, nationality=Peru, name=Bedfordshire Customer"
"Q17, nationality=Denmark, duration=108, genre=Comedy, name=orange Cordoba Oro"
"Q379, duration=147, name=COM Re-contextualized, genre=Musical, nationality=Switzerland"
"Q121, genre=Adventure, name=Chilean Peso Unidades de fomento systematic"
"Q246, name=Maldives payment, nationality=Argentina, genre=Film-Noir"
"Q126, duration=228, genre=Film-Noir"
"Q418, duration=120, nationality=China"
"Q238, genre=Adventure, name=Gibraltar Jewelery, duration=181, nationality=Belgium"
"Q471, genre=Drama, duration=213, nationality=Sweden"
"Q402, name=De-engineered exuding"
"Q285, nationality=Peru, name=Investment Account orange, genre=Children"
"Q110, genre=Film-Noir, nationality=Croatia"
"Q141, nationality=Japan, name=payment integrate, genre=Sci-Fi"
"Q119, nationality=Switzerland, genre=Historical, duration=142"
"Q450, nationality=India, duration=147, genre=Historical, name=real-time Mandatory"
"Q364, duration=113, nationality=Portugal, genre=Action"
"Q104, duration=226, nationality=Poland"
"Q392, duration=137"
"Q19, duration=229, nationality=Denmark"
"Q22, duration=196, nationality=Australia"
"Q217, duration=99, name=Bacon schemas"
"Q265, nationality=Argentina, genre=Sci-Fi"
"Q240, name=Fresh proactive, genre=Comedy, duration=232"
"Q355, duration=236"
"Q242, duration=124, nationality=Portugal, name=multi-byte plum, genre=Action"
"Q232, duration=100, name=Lakes input"
"Q37, nationality=Mexico"
"Q42, nationality=Greece"
"Q78, name=Incredible Frozen Keyboard Vanuatu, genre=Horror, nationality=Belgium"
"Q167, genre=Film-Noir, name=Cloned maximized"
"Q373, name=indigo violet, nationality=Finland, genre=Sports"
"Q393, name=Borders hack, duration=205"
"Q199, duration=223, nationality=Spain, name=Licensed parse, genre=Documentary"
"Q369, genre=Sports, duration=226, nationality=Portugal, name=JSON CFA Franc BCEAO"
"Q431, nationality=India, genre=Historical"
"Q409, genre=Musical, nationality=Netherlands"
"Q231, nationality=Poland, name=target parallelism, genre=Horror"
"Q82, name=engineer Soap, genre=Comedy, duration=141"
"Q206, name=invoice neural"
"Q10, name=Mexican Peso Mexican Unidad de Inversion (UDI) Credit Card Account, duration=229, genre=Mystery"
"Q458, duration=121, name=Small Computers, genre=Mystery"
"Q442, genre=Biography, duration=116"
"Q230, nationality=Austria, name=Quality Buckinghamshire"
"Q302, duration=97"
"Q108, duration=230"
"Q422, nationality=Peru, genre=Western, duration=102"
"Q236, nationality=France"
"Q281, nationality=Russia, name=Intelligent Soft Pants Electronics, genre=Horror, duration=172"
"Q290, genre=Historical, duration=129"
"Q120, genre=Action, name=Mountains HTTP"
"Q360, nationality=Thailand, duration=96, name=SQL invoice, genre=Comedy"
"Q365, name=bandwidth Designer, genre=Biography, duration=117"
"Q64, name=Row card, nationality=China"
"Q276, duration=231, name=global sensor"
"Q250, nationality=Mexico"
"Q137, name=Brand Ville, nationality=Belarus, genre=Drama, duration=237"
"Q227, nationality=Switzerland, duration=114"
"Q439, duration=98, genre=War, nationality=Thailand, name=intermediate application"
"Q292, duration=96, nationality=Thailand, genre=Comedy, name=SQL invoice"
"Q320, nationality=France, genre=Western"
"Q267, nationality=China, name=technologies Auto Loan Account"
"Q66, duration=156, name=Junction quantifying, nationality=India, genre=Documentary"
"Q399, nationality=Italy, genre=Fantasy, duration=122"
"Q91, genre=Horror, nationality=Brazil, duration=173, name=Nevada functionalities"
"Q233, genre=Biography, name=Bacon schemas"
"Q99, name=invoice strategize, genre=Children, nationality=Mexico, duration=130"
"Q171, genre=Musical, nationality=Cuba, duration=194"
"Q239, name=United Kingdom hack, duration=169, nationality=USA, genre=Musical"
"Q192, name=deposit Response, nationality=Ireland, duration=221"
"Q195, duration=136, name=Music bifurcated, nationality=Australia, genre=Children"
"Q289, name=Communications Implementation, duration=177, nationality=Italy, genre=Thriller"
"Q212, nationality=Belgium, duration=185"
"Q150, duration=135, name=virtual Keyboard, genre=Children"
"Q317, nationality=Greece"
"Q340, duration=192, nationality=Indonesia, name=synergies sensor"
"Q83, name=Tuna benchmark"
"Q254, nationality=Poland"
"Q396, duration=105"
"Q362, genre=Drama"
"Q391, nationality=Portugal, genre=Children"
"Q386, genre=Adventure, name=alarm Tasty Cotton Cheese, duration=215"
"Q277, nationality=United Kingdom, duration=205, name=Strategist Health, genre=Musical"
"Q350, nationality=Sweden, name=Clothing Berkshire, duration=186"
"Q118, name=Luxembourg invoice"
"Q129, duration=239"
"Q186, name=Movies Guatemala, genre=Action, duration=106"
"Q188, genre=Biography, name=Customer redundant"
"Q43, name=metrics platforms, nationality=Spain, duration=191, genre=Musical"
"Q138, genre=Action, name=Philippine Peso Sleek Soft Table, duration=106"
"Q301, genre=Horror, nationality=Portugal"
"Q16, nationality=Sweden"
"Q1, nationality=Cuba"
"Q88, duration=159, nationality=Brazil, name=solid state forecast"
"Q363, nationality=Peru, duration=158"
"Q461, genre=Adventure, nationality=Brazil"
"Q145, nationality=Spain, name=bricks-and-clicks database"
"Q111, genre=Children, nationality=Indonesia"
"Q429, nationality=Switzerland, name=Plastic content, genre=Western"
"Q11, name=program Future, nationality=Mexico, genre=Adventure, duration=123"
"Q70, nationality=China, name=web-readiness generating"
"Q219, genre=Thriller"
"Q312, name=global context-sensitive, genre=Action"
"Q344, nationality=India"
"Q349, genre=Action, nationality=Poland"
"Q24, duration=111"
"Q208, duration=164, nationality=Vietnam, genre=Action"
"Q407, duration=151, genre=Sci-Fi, name=Forges transmit"
"Q251, name=hack structure, genre=Biography"
"Q225, nationality=China, genre=Fantasy, duration=168"
"Q123, name=withdrawal View"
"Q278, duration=123, genre=Sports, name=open architecture red, nationality=United Kingdom"
"Q147, nationality=Finland, genre=Documentary"
"Q483, duration=131, name=Incredible Soft Mouse Customer"
"Q9, name=override multi-byte, genre=Sci-Fi"
"Q306, genre=Animation, duration=159"
"Q67, duration=169, name=Viaduct transmit"
"Q296, duration=182, genre=Action, name=Metal Borders"
"Q54, duration=134, nationality=Japan, name=system Developer, genre=Horror"
"Q18, duration=130, nationality=Ireland, genre=Sports"
"Q456, genre=Mystery"
"Q71, nationality=Norway, genre=Film-Noir, name=policy New Taiwan Dollar"
"Q307, name=Rubber Burgs"
"Q491, genre=Drama"
"Q213, duration=228"
"Q291, genre=Drama, name=Quality AGP, duration=229"
"Q411, genre=Adventure, name=infrastructures Upgradable, nationality=Ukraine, duration=116"
"Q89, nationality=Peru, genre=Children, duration=182"
"Q472, nationality=Cuba, name=haptic bus, duration=200"
"Q272, nationality=USA, genre=Musical"
"Q490, name=Officer hacking"
"Q303, duration=231"
"Q237, name=incentivize Landing"
"Q256, genre=Thriller, name=Computers redundant, nationality=Greece"
"Q221, name=cross-platform Liaison, duration=188, nationality=Italy"
"Q352, name=composite Ameliorated, duration=147, genre=Drama"
"Q323, nationality=Norway, name=SDD Steel"
"Q452, name=Coordinator Automotive"
"Q69, duration=111"
"Q90, name=markets West Virginia, genre=Sci-Fi"
"Q102, genre=Musical"
"Q255, name=haptic Generic, duration=166, nationality=Poland, genre=Sports"
"Q443, duration=170, genre=Film-Noir, name=Fantastic Stravenue"
"Q451, genre=Children"
"Q496, nationality=Ukraine, duration=96, name=24/365 auxiliary, genre=Sci-Fi"
"Q368, nationality=Chile, name=best-of-breed global, duration=178, genre=Mystery"
"Q28, duration=207, nationality=Denmark"
"Q326, nationality=Belgium, name=Bedfordshire workforce, genre=War, duration=238"
"Q394, duration=97"
"Q226, duration=158, name=GB toolset, genre=Sports"
"Q455, name=IB Cambridgeshire"
"Q97, nationality=Indonesia, name=Granite open-source, duration=190"
"Q113, name=withdrawal Borders, duration=174, genre=Comedy, nationality=Canada"
"Q173, genre=Romance"
"Q25, nationality=New Zealand, genre=Children, duration=191"
"Q74, genre=Historical, name=bricks-and-clicks granular"
"Q438, name=channels real-time, duration=126, nationality=Thailand, genre=Horror"
"Q397, name=Courts parse, genre=Horror"
"Q2, duration=114"
"Q55, duration=109, nationality=Belarus, name=International even-keeled, genre=Film-Noir"
"Q142, duration=136, nationality=Poland"
"Q209, nationality=Croatia, genre=Sports, name=Interactions incentivize"
"Q39, genre=Biography, nationality=Cuba, name=vortals payment"
"Q287, genre=Comedy, duration=135"
"Q197, nationality=Russia, genre=Documentary, name=Incredible Rubber"
"Q175, nationality=Thailand, name=Forges transmit"
"Q454, duration=228, nationality=New Zealand"
"Q143, name=hierarchy Landing, duration=213, nationality=USA"
"Q390, name=purple Auto Loan Account, duration=153, genre=Sci-Fi"
"Q35, name=deposit Factors, duration=191"
"Q263, genre=Film-Noir, name=Home Loan Account Utah"
"Q220, genre=Children, nationality=Cuba, duration=156, name=Lek Nicaragua"
"Q371, nationality=Portugal, name=utilize Sausages"
"Q165, nationality=Cuba, genre=Comedy"
"Q264, nationality=United Kingdom"
"Q370, duration=217, name=EXE USB, nationality=Portugal"
"Q29, name=online Oval, duration=220, nationality=France"
"Q202, duration=182, genre=Historical, name=solid state Fantastic Cotton Fish, nationality=Norway"
"Q116, name=Plastic B2C, duration=156"
"Q328, nationality=Italy, duration=183, name=Auto Loan Account Bacon, genre=Sports"
"Q416, duration=173, genre=Western"
"Q248, genre=Horror, duration=102, name=revolutionary models"
"Q80, nationality=Turkey, genre=Film-Noir, name=hack Vatu"
"Q261, name=enable Uganda, genre=Sci-Fi"
"Q218, nationality=Russia, genre=Mystery, duration=148"
"Q381, name=payment infomediaries, genre=Thriller"
"Q314, duration=155, genre=War, name=Fresh Generic Granite Towels"
"Q336, genre=Western, nationality=Argentina"
"Q298, name=Refined Wooden Shoes Oregon, genre=Musical, nationality=Thailand"
"Q444, nationality=Ukraine"
"Q330, nationality=Mexico, duration=190, genre=Children, name=partnerships morph"
"Q8, nationality=Chile, genre=Adventure, duration=160"
"Q401, duration=164, nationality=Switzerland"
"Q408, genre=Romance, name=synthesizing functionalities, nationality=Switzerland, duration=228"
"Q41, duration=198, name=violet IB"
"Q403, name=olive relationships"
"Q190, name=violet Motorway"
"Q464, genre=War, nationality=Peru, duration=91, name=Singapore Bacon"
"Q191, duration=103, nationality=Belgium, genre=Drama, name=Credit Card Account Auto Loan Account"
"Q159, genre=Historical, nationality=New Zealand"
"Q435, genre=Adventure, nationality=Greece, duration=96, name=matrices Small Soft Bacon"
"Q170, duration=185, name=real-time calculating"
"Q52, duration=219, genre=War, nationality=Ireland"
"Q201, duration=169, nationality=Netherlands"
"Q484, duration=230, nationality=Portugal, name=Georgia transmitter, genre=Fantasy"
"Q144, name=bluetooth Convertible Marks, duration=220"
"Q437, nationality=Ireland"
"Q258, name=Ports functionalities, genre=Documentary, duration=172, nationality=Argentina"
"Q284, duration=232, nationality=Norway"
"Q44, duration=118, genre=Biography"
"Q58, duration=232"
"Q132, nationality=New Zealand, duration=117, genre=Sports"
"Q156, nationality=Chile, duration=114, name=sensor Global"
"Q477, nationality=Thailand, name=Towels hard drive, duration=240"
"Q211, genre=Musical, name=Buckinghamshire Chips, nationality=Portugal"
"Q305, duration=112, nationality=Chile, name=robust Quality, genre=Thriller"
"Q163, name=SMS neutral, genre=Animation, duration=132, nationality=Turkey"
"Q262, duration=184, genre=Action"
"Q117, duration=144"
"Q304, genre=Film-Noir"
"Q185, duration=189"
"Q361, duration=217, genre=Animation, nationality=Ukraine"
"Q5, genre=Fantasy, duration=149"
"Q6, nationality=Portugal"
"Q77, name=reboot Kids, nationality=Russia"
"Q453, duration=109, name=Buckinghamshire indigo"
"Q398, name=human-resource Forward, nationality=Canada"
"Q75, name=Director SMS, nationality=Switzerland"
"Q149, genre=Musical, duration=191, nationality=Spain"
"Q61, nationality=Thailand, duration=111, name=portals infrastructures, genre=Western"
"Q92, nationality=Vietnam, genre=War, duration=113, name=engage ubiquitous"
"Q166, nationality=Thailand, name=Awesome Pound Sterling"
"Q31, name=Soap Yemeni Rial"
"Q23, name=Berkshire Multi-tiered"
"Q13, nationality=Canada"
"Q46, duration=155, name=optical Field"
"Q85, name=West Virginia SAS, duration=106, nationality=Austria"
"Q430, nationality=Indonesia"
"Q449, name=Incredible Plastic Chips Buckinghamshire, duration=105"
"Q112, duration=189, nationality=Mexico"
"Q475, genre=Historical, nationality=Spain, duration=128"
"Q446, name=compressing end-to-end"
"Q12, duration=107, name=reinvent Soft"
"Q367, genre=Documentary, duration=179"
"Q139, duration=211"
"Q406, nationality=Peru, name=Frozen leverage, duration=119"
"Q184, genre=Thriller"
"Q481, genre=Animation, nationality=Vietnam, duration=148, name=SQL invoice"
"Q30, name=evolve Concrete, nationality=Vietnam, genre=War"
"Q81, genre=War, nationality=Thailand"
"Q469, genre=Sci-Fi, name=Small Re-engineered, duration=203"
"Q387, duration=149, genre=Historical, nationality=Peru, name=Awesome back-end"
"Q103, name=New Jersey fuchsia"
"Q271, nationality=Indonesia"
"Q273, name=HDD JBOD, nationality=Belgium, genre=Fantasy"
"Q404, name=wireless COM, duration=223, genre=Film-Noir"
"Q494, name=Cross-group Strategist"
"Q224, genre=Comedy, nationality=Indonesia, duration=138"
"Q380, genre=Sci-Fi, name=Sleek exuding, nationality=Greece"
"Q15, genre=Adventure, name=GB methodology, duration=221, nationality=Cuba"
"Q214, nationality=Ireland, genre=Musical"
"Q377, name=Avon Run, duration=232, genre=Thriller"
"Q420, name=bluetooth action-items, genre=Mystery, nationality=Germany"
"Q382, genre=Mystery"
"Q259, name=engineer Ford, duration=118, nationality=Cuba"
"Q48, name=methodologies visionary"
"Q295, genre=Drama, nationality=New Zealand, name=gold Liaison"
"Q157, name=payment copy, nationality=Australia, genre=Mystery"
"Q311, duration=221"
"Q200, name=Home Loan Account hacking, nationality=Germany"
"Q300, genre=Mystery, duration=142, nationality=Mexico"
"Q252, duration=133, genre=Sports, nationality=Poland, name=Table e-enable"
"Q178, name=Pataca connect, nationality=Italy, genre=Fantasy"
"Q283, duration=108"
"Q127, nationality=Spain, duration=142, genre=War"
"Q447, name=Seamless Unbranded, genre=Adventure, nationality=Ireland, duration=164"
"Q114, nationality=Australia, genre=Sports, name=transmit neural, duration=102"
"Q14, name=Customer Seamless, nationality=Croatia, genre=Documentary"
"Q228, genre=Action"
"Q107, genre=Documentary, name=Wisconsin Berkshire, duration=117, nationality=Peru"
"Q436, genre=War, nationality=Germany"
"Q87, genre=Western, duration=189"
"Q345, name=Savings Account Seamless, genre=Comedy"
"Q45, genre=Biography, duration=99, nationality=Russia, name=Bacon schemas"
"Q84, name=Rapid Car, nationality=India, duration=149"
"Q294, duration=150, genre=Sports, nationality=USA, name=connecting Concrete"
"Q480, name=Borders Mouse, nationality=Netherlands, duration=224, genre=Adventure"
"Q268, genre=Thriller"
"Q182, name=Pine Central, duration=114"
"Q478, genre=Adventure"
"Q388, duration=141"
"Q417, name=Fantastic Shirt"
"Q234, genre=Drama, name=B2B Dynamic, duration=227"
"Q410, name=Handmade Kids, genre=Adventure"
"Q153, nationality=Vietnam"
"Q275, name=cultivate Tuna, duration=230, genre=Fantasy"
