"Q317, age=18, last_name=Serjeantson"
"Q353, last_name=Mougenel, age=33, job=Web Associate, nationality=Russia"
"Q246, nationality=USA"
"Q288, age=58, nationality=Belarus, job=Markets Agent"
"Q466, job=Applications Orchestrator, age=73, first_name=Davine, last_name=Brithman"
"Q184, age=58, nationality=Switzerland, job=Response Facilitator, last_name=Sieghard"
"Q26, first_name=Melisenda, nationality=Ireland, last_name=MacGillacolm, age=45"
"Q455, job=Infrastructure Strategist"
"Q84, nationality=Finland, job=Creative Strategist, first_name=Barbra"
"Q213, job=Tactics Specialist"
"Q256, last_name=Bodycote, first_name=Candie, age=78, job=Research Director"
"Q47, first_name=Kingston, age=31, last_name=Cottrill"
"Q137, last_name=Darter, first_name=Zacherie"
"Q130, age=39"
"Q478, nationality=Vietnam, first_name=Anastasie, age=54"
"Q41, last_name=Barnet, job=Markets Liaison, age=79"
"Q444, first_name=Nichols, age=43"
"Q80, age=38, nationality=Austria, job=Applications Orchestrator, last_name=Cicullo"
"Q219, last_name=Molineaux, job=Solutions Liaison, first_name=Elianora, age=59"
"Q15, last_name=Garbutt, first_name=Kellby"
"Q39, job=Optimization Architect"
"Q1, age=38, job=Optimization Specialist, first_name=Leif, last_name=Kiddell"
"Q472, last_name=MacCleay, age=18, job=Directives Architect"
"Q412, age=44, last_name=Addenbrooke"
"Q170, age=19"
"Q117, age=34, first_name=Inesita, last_name=Hulmes, job=Infrastructure Officer"
"Q22, nationality=Norway"
"Q86, job=Marketing Facilitator, first_name=Stern, nationality=Italy, age=28"
"Q448, last_name=Comberbach, age=46, nationality=Germany"
"Q312, first_name=Susan"
"Q55, job=Markets Technician"
"Q162, nationality=Belgium, job=Research Facilitator, last_name=Bosward, first_name=Rancell"
"Q409, job=Functionality Developer, nationality=China"
"Q91, first_name=Davine, age=80"
"Q269, last_name=Gosnall, job=Paradigm Facilitator, nationality=Portugal"
"Q18, age=49"
"Q71, nationality=Sweden"
"Q442, job=Implementation Architect"
"Q365, job=Accountability Officer, first_name=King, nationality=Ireland, age=29"
"Q369, job=Marketing Architect"
"Q445, first_name=Hirsch"
"Q214, job=Mobility Technician, age=56"
"Q351, last_name=Dunsmore, first_name=Claretta, job=Group Engineer"
"Q319, last_name=Naire, nationality=Poland, first_name=Elset"
"Q433, job=Quality Agent, last_name=Martine, age=41, nationality=Vietnam"
"Q337, last_name=Ghost, first_name=Finley, age=32, job=Data Manager"
"Q453, first_name=Heindrick"
"Q457, last_name=Littlecote"
"Q79, last_name=Themann"
"Q32, age=49, nationality=Mexico"
"Q493, first_name=Georgianne, job=Optimization Representative, nationality=Mexico"
"Q200, nationality=Ukraine"
"Q46, first_name=Gerald, nationality=Canada, job=Interactions Producer, age=59"
"Q231, nationality=Finland, first_name=Danila"
"Q328, nationality=Qatar, last_name=Espadero, job=Markets Representative, age=35"
"Q129, job=Mobility Producer, first_name=Cass, nationality=Japan, last_name=Culross"
"Q372, last_name=St. Quintin, job=Assurance Producer, first_name=Gayler, nationality=Poland"
"Q20, age=70, first_name=Graeme, last_name=Woodstock, job=Implementation Technician"
"Q451, last_name=Adami, nationality=Sweden, first_name=Windham"
"Q452, nationality=Canada, age=56, first_name=Brigg, job=Operations Producer"
"Q465, job=Factors Planner, first_name=Darleen, age=27"
"Q295, job=Creative Specialist"
"Q384, age=19, nationality=Chile"
"Q76, nationality=Russia, age=56"
"Q136, first_name=Bette"
"Q423, job=Infrastructure Architect, nationality=Croatia, first_name=Ginni, last_name=Tenny"
"Q441, first_name=Michaella, age=53, last_name=Ferreli, job=Mobility Officer"
"Q496, last_name=Sinnatt, job=Quality Administrator"
"Q92, nationality=Austria, last_name=Alberti, job=Intranet Liaison"
"Q221, last_name=Reece, nationality=Argentina, age=31"
"Q343, nationality=Switzerland, first_name=Anastasie, age=67"
"Q14, job=Security Coordinator, nationality=Switzerland, last_name=Godson, age=52"
"Q350, nationality=Spain"
"Q180, age=65, job=Solutions Director"
"Q279, last_name=Pashe, first_name=Madelon, age=66, nationality=Germany"
"Q99, job=Mobility Coordinator, last_name=Strood, nationality=Mexico, first_name=Lena"
"Q128, first_name=Davine"
"Q172, first_name=Daphne"
"Q254, first_name=Catherina, last_name=Sever, nationality=Ukraine, age=58"
"Q488, job=Usability Designer, last_name=Garfit, nationality=Ukraine, first_name=Gussy"
"Q106, job=Response Supervisor, last_name=Cowderay"
"Q108, last_name=Whorall, first_name=Nathanil"
"Q60, nationality=Portugal, last_name=Bertlin, age=47, job=Usability Executive"
"Q164, age=36"
"Q464, nationality=Australia, first_name=Garvy, age=65, last_name=Pidon"
"Q436, job=Implementation Orchestrator, age=29, last_name=Littlecote"
"Q320, nationality=Belgium, age=34"
"Q418, job=Quality Engineer"
"Q253, first_name=Helyn, age=60, job=Data Orchestrator, last_name=Novotna"
"Q202, age=72, nationality=Belarus, job=Communications Facilitator, last_name=Candlish"
"Q229, first_name=Dalton"
"Q177, age=30, last_name=Handscombe, first_name=Marjory, nationality=Canada"
"Q73, age=70, nationality=Germany, last_name=Meller"
"Q152, job=Group Coordinator, nationality=France, first_name=Burt, age=77"
"Q64, last_name=Gascoigne, nationality=Netherlands, job=Functionality Analyst, first_name=Yance"
"Q143, job=Identity Technician"
"Q171, last_name=McMurty, nationality=Switzerland"
"Q154, last_name=Degli Antoni, job=Factors Associate"
"Q396, first_name=Maryellen, nationality=Norway, last_name=Tomankiewicz"
"Q334, last_name=Stranio, nationality=USA, job=Applications Assistant, first_name=Hadria"
"Q341, first_name=Missie, last_name=Brammall"
"Q401, age=54, job=Integration Technician, first_name=Pam"
"Q225, last_name=Feander, age=54, job=Mobility Analyst, first_name=Gwenora"
"Q124, job=Factors Facilitator, last_name=Mantrup, first_name=Sascha"
"Q383, first_name=Leoline, last_name=Aucott, age=69, nationality=Greece"
"Q303, nationality=United Kingdom, first_name=Rab"
"Q265, last_name=Grimshaw"
"Q285, nationality=Russia"
"Q283, nationality=Norway, first_name=Morris"
"Q313, last_name=Bowra, nationality=Denmark, first_name=Dionis, job=Security Supervisor"
"Q408, job=Group Specialist"
"Q284, nationality=Ukraine, job=Intranet Engineer"
"Q310, nationality=Brazil, job=Security Engineer, first_name=Ches, age=56"
"Q52, age=63, job=Integration Representative, last_name=Mager"
"Q37, nationality=Japan, first_name=Timothy, job=Identity Supervisor"
"Q98, job=Creative Developer, last_name=Wigfield, first_name=Barron, nationality=Norway"
"Q167, last_name=Braycotton, nationality=Germany, job=Implementation Engineer"
"Q244, age=39"
"Q29, nationality=Germany, first_name=Alanna, job=Functionality Manager"
"Q121, first_name=Justinn, age=73, nationality=Italy, last_name=Ciccottio"
"Q263, first_name=Roldan, age=49"
"Q127, nationality=Poland"
"Q339, nationality=China"
"Q483, last_name=Borrett, first_name=Whit, job=Response Engineer, age=68"
"Q48, first_name=Barbra, last_name=Benardeau"
"Q325, last_name=Minker, job=Division Analyst, age=40"
"Q299, nationality=Finland, last_name=Whear"
"Q16, last_name=Bickle, nationality=Croatia"
"Q450, job=Optimization Designer, nationality=Chile, last_name=Hyams, first_name=Nahum"
"Q382, age=69, job=Research Developer, nationality=Finland, last_name=Poulston"
"Q207, age=41, last_name=Potteridge, job=Accountability Engineer, first_name=Leif"
"Q251, job=Markets Engineer, nationality=Ukraine"
"Q223, nationality=Croatia, age=47, first_name=Trixy"
"Q33, nationality=China, last_name=Kienle"
"Q101, last_name=Acheson, nationality=Netherlands"
"Q447, last_name=Midson"
"Q3, first_name=Candide, last_name=Paolillo"
"Q149, last_name=Dursley, job=Accounts Facilitator, age=74, nationality=Canada"
"Q218, job=Research Planner, last_name=Griswood, nationality=Mexico"
"Q489, age=69, last_name=Drinkhall, job=Response Designer"
"Q148, first_name=Madelena, age=57, last_name=Coolahan"
"Q327, last_name=Daws"
"Q473, age=39"
"Q134, nationality=China, first_name=Gerianna, last_name=Pagon"
"Q275, nationality=Poland, first_name=Kaylee, last_name=Ferreli"
"Q25, first_name=Davy, last_name=MacCurtain, job=Factors Orchestrator, nationality=Argentina"
"Q368, nationality=Peru, age=18, last_name=Brownsmith, first_name=Loy"
"Q388, nationality=India, age=67"
"Q414, first_name=Willow, last_name=Stannas, nationality=United Kingdom"
"Q357, job=Security Technician, age=34, last_name=Grelak"
"Q332, first_name=Tamiko, last_name=Holbarrow, age=70, job=Integration Analyst"
"Q356, nationality=Thailand"
"Q45, nationality=Russia"
"Q404, age=22, nationality=Qatar, last_name=Copestake, first_name=Hirsch"
"Q462, last_name=Cumberpatch, first_name=Urson, nationality=Chile, age=22"
"Q463, last_name=Bennell, first_name=Barr, job=Integration Engineer, nationality=Belarus"
"Q305, first_name=Padraic, age=25, last_name=Gallyhaock"
"Q179, age=49, nationality=Portugal, job=Usability Designer, last_name=O'Brollachain"
"Q403, job=Creative Technician, age=53"
"Q178, first_name=Lainey, nationality=Belgium"
"Q210, job=Usability Assistant, last_name=Pashe, first_name=Gratiana"
"Q138, age=38, job=Metrics Supervisor, last_name=Collett"
"Q34, last_name=Giacobbo, job=Applications Designer, first_name=Sara-ann, age=24"
"Q17, nationality=Russia, job=Communications Planner, first_name=Michaelina"
"Q407, last_name=Casajuana"
"Q426, age=68, nationality=Thailand, last_name=Brade, first_name=Lawrence"
"Q355, nationality=New Zealand, last_name=Dungey, first_name=Neils, job=Markets Director"
"Q103, nationality=Japan, age=66, first_name=Claresta"
"Q243, age=73, first_name=Jacquelin"
"Q0, age=56, last_name=Dutnall, first_name=Grady, nationality=USA"
"Q140, job=Metrics Director, nationality=Greece, last_name=Mordey"
"Q227, first_name=Waylon"
"Q446, first_name=Seward"
"Q480, first_name=Manolo"
"Q429, job=Branding Designer"
"Q392, last_name=Gellibrand, nationality=Thailand, job=Web Producer, age=76"
"Q461, age=67"
"Q371, age=76, first_name=Claribel"
"Q380, age=22"
"Q476, nationality=France, age=66, job=Interactions Consultant, last_name=Scarse"
"Q131, age=29"
"Q176, last_name=Knutsen"
"Q390, job=Branding Engineer, nationality=Belgium, first_name=Cindra"
"Q239, last_name=Legges, first_name=Rosabel"
"Q467, last_name=Anstead, first_name=Windham, age=62, job=Response Representative"
"Q359, last_name=Foulcher, nationality=Ukraine"
"Q298, age=57, last_name=Mompesson, nationality=Austria"
"Q226, nationality=Ireland, first_name=Tiphanie, age=53, job=Tactics Officer"
"Q249, job=Applications Associate, last_name=Jersch"
"Q120, nationality=France, first_name=Huntlee"
"Q195, age=51, last_name=Chesworth, nationality=Portugal"
"Q323, job=Division Developer, nationality=Finland, last_name=Simounet, first_name=Dorothee"
"Q282, last_name=Willetts, job=Implementation Assistant, first_name=Jasmina, age=21"
"Q281, last_name=Melin, age=39, nationality=Russia, job=Optimization Administrator"
"Q439, job=Integration Architect, age=46"
"Q306, first_name=Donal"
"Q208, age=27, nationality=Russia, first_name=Stacee"
"Q456, last_name=Sheepy, first_name=Stacee"
"Q484, last_name=Resun"
"Q78, last_name=Mougenel, nationality=Ukraine, first_name=Rosabel"
"Q97, last_name=Tyreman, job=Interactions Producer, first_name=Bryana, age=53"
"Q237, first_name=Sophi"
"Q460, job=Interactions Planner"
"Q421, nationality=Norway, age=79, first_name=Salomo, last_name=Midson"
"Q393, first_name=Prescott"
"Q142, job=Configuration Engineer"
"Q411, age=61"
"Q190, job=Creative Liaison, nationality=Turkey, age=43"
"Q391, nationality=China"
"Q11, nationality=India, first_name=Nobie"
"Q233, job=Branding Designer, nationality=Ukraine, age=23, first_name=Prissie"
"Q315, first_name=Graehme, job=Tactics Specialist"
"Q287, first_name=Mehetabel"
"Q66, age=35, last_name=Erskine, job=Accounts Facilitator"
"Q74, nationality=Mexico, age=28"
"Q118, job=Accounts Facilitator, age=21, last_name=Dartnall"
"Q274, job=Factors Associate, age=25, first_name=Brigg, nationality=Australia"
"Q422, age=69, job=Functionality Executive"
"Q27, first_name=Barbra, nationality=Chile, job=Functionality Facilitator"
"Q89, first_name=Hurley, age=42"
"Q316, nationality=Chile"
"Q398, job=Implementation Planner, first_name=Leoline, age=57, nationality=Argentina"
"Q166, age=76, last_name=Folomkin, nationality=Ukraine"
"Q212, first_name=Hercules"
"Q30, last_name=Joyce, age=73"
"Q264, job=Security Facilitator"
"Q370, job=Creative Coordinator, last_name=Dalyell, first_name=Brien, age=40"
"Q308, last_name=Anderton"
"Q50, nationality=Japan, first_name=Mahmoud, last_name=Haskew"
"Q175, job=Branding Technician, first_name=Filippo"
"Q67, job=Branding Administrator"
"Q133, last_name=Mager, first_name=Corette, nationality=Turkey, age=41"
"Q419, age=49, job=Tactics Representative, last_name=Hupe"
"Q468, age=18"
"Q198, first_name=Victor"
"Q201, first_name=Gerald, nationality=India, last_name=Woodyatt, age=56"
"Q257, first_name=Joelle, age=27"
"Q54, nationality=Vietnam, first_name=Chrystel"
"Q59, age=62"
"Q151, nationality=New Zealand"
"Q340, nationality=Denmark"
"Q155, first_name=Teddy"
"Q338, first_name=Marissa, nationality=India, age=32, last_name=McDonogh"
"Q36, last_name=Trevett, job=Paradigm Administrator, age=69"
"Q471, nationality=Italy, age=69, first_name=Jodee, job=Intranet Technician"
"Q163, last_name=Visick, first_name=Lynsey"
"Q23, first_name=Torry, job=Factors Consultant, age=45, last_name=Gullberg"
"Q6, nationality=Portugal, last_name=Steckings, age=58, first_name=Rachel"
"Q19, nationality=Turkey"
"Q107, age=65"
"Q354, job=Program Technician, nationality=Ireland"
"Q438, job=Marketing Specialist, nationality=Thailand"
"Q141, nationality=Belgium, first_name=Deidre"
"Q492, age=75, first_name=Amaleta, job=Paradigm Technician, nationality=Greece"
"Q376, first_name=Rafferty, nationality=Ireland, job=Research Consultant"
"Q399, first_name=Vick, job=Infrastructure Analyst, age=68"
"Q95, job=Communications Developer, nationality=Australia, first_name=Simone"
"Q235, last_name=Biggar, age=64, nationality=Ukraine"
"Q182, first_name=Llewellyn, last_name=Twinberrow, age=37, nationality=Ireland"
"Q385, age=28, nationality=Netherlands, job=Interactions Administrator"
"Q300, last_name=Grunwall"
"Q112, nationality=Belgium"
"Q379, job=Functionality Orchestrator, first_name=Catlaina, nationality=Argentina, last_name=Gisbey"
"Q83, job=Brand Planner, first_name=Adrienne, nationality=Russia"
"Q410, age=33, job=Intranet Architect, last_name=O'Rourke"
"Q232, nationality=Greece, first_name=Michaelina"
"Q314, age=21, first_name=Letti, nationality=Italy, job=Intranet Director"
"Q420, age=50"
"Q115, nationality=Mexico, job=Infrastructure Officer, last_name=Hebblethwaite, first_name=Anatole"
"Q111, nationality=Switzerland, first_name=Jaymie, job=Group Associate"
"Q266, job=Applications Analyst, age=74, last_name=Clemot, nationality=Australia"
"Q236, last_name=Boullin, first_name=Fiona, age=40"
"Q5, last_name=Dilawey, job=Branding Engineer"
"Q193, nationality=Belarus, last_name=Kill"
"Q470, nationality=Austria, age=80, job=Solutions Architect, last_name=Putton"
"Q49, age=22"
"Q90, age=20, nationality=Denmark, last_name=Handscombe"
"Q387, last_name=Haville, age=39"
"Q293, first_name=Freeland, last_name=Wardesworth"
"Q345, age=46, first_name=Theodora, job=Accounts Analyst, last_name=Jeanenet"
"Q427, last_name=Jindracek, nationality=Netherlands"
"Q203, job=Functionality Planner, age=25, last_name=Crocken, first_name=Keelia"
"Q161, age=60, first_name=Lillian, last_name=Poultney"
"Q125, age=20, job=Operations Agent, nationality=Canada"
"Q292, first_name=Bernice, last_name=Garnul, age=70, job=Applications Planner"
"Q304, nationality=Switzerland, age=77, first_name=Drucie, last_name=Shoosmith"
"Q241, age=42"
"Q31, nationality=Indonesia, last_name=Del Castello, age=80"
"Q487, job=Response Liaison, last_name=Barkworth, first_name=Clemmie"
"Q123, age=54, last_name=Causbey"
"Q126, first_name=Cecilio, age=36"
"Q204, first_name=Darelle"
"Q196, first_name=Mata, nationality=Croatia, age=72"
"Q96, age=66, nationality=Mexico"
"Q286, age=40, first_name=Julianne, job=Interactions Facilitator, last_name=Malia"
"Q82, job=Tactics Administrator"
"Q344, first_name=Winslow, job=Directives Consultant"
"Q375, first_name=Perrine"
"Q405, last_name=Cass"
"Q434, last_name=Brecken, nationality=New Zealand, age=41"
"Q61, first_name=Merci, last_name=Driscoll, nationality=Canada, job=Infrastructure Technician"
"Q199, first_name=Daren, age=77, last_name=Dalyell"
"Q248, first_name=David, last_name=Spurier, age=73, nationality=Argentina"
"Q114, first_name=Heindrick, nationality=Argentina, job=Markets Executive"
"Q280, age=32"
"Q497, nationality=Russia, job=Communications Coordinator"
"Q301, last_name=Duigenan, job=Data Engineer"
"Q234, nationality=Germany, last_name=Lamport, first_name=Ginni, job=Usability Assistant"
"Q290, first_name=Alexa"
"Q324, last_name=Watkiss, job=Identity Orchestrator"
"Q482, age=71"
"Q363, last_name=Witty"
"Q358, age=22"
"Q477, nationality=USA, last_name=Kill, job=Intranet Agent"
"Q459, last_name=Brade, age=24, nationality=Switzerland, first_name=Krissie"
"Q145, nationality=Norway"
"Q24, last_name=Tournay, job=Directives Assistant, nationality=Italy, age=67"
"Q168, last_name=Ropkes"
"Q273, job=Quality Consultant, first_name=Garvy"
"Q159, nationality=Finland, first_name=Franklyn, age=78"
"Q402, age=66, job=Usability Executive, last_name=Batchelour"
"Q486, first_name=Eadith, last_name=Gregorowicz"
"Q268, job=Operations Planner, first_name=Hallie, nationality=Germany"
"Q230, nationality=Poland"
"Q449, last_name=Weatherhead, age=27"
"Q57, nationality=Ukraine, last_name=McCandless"
"Q432, job=Security Coordinator"
"Q361, last_name=Alberti, nationality=Spain, job=Identity Engineer"
"Q498, first_name=Patten, last_name=Tait"
"Q8, age=24, last_name=Borrett, job=Metrics Analyst, nationality=Japan"
"Q437, last_name=Tatlock, nationality=Italy"
"Q100, first_name=Lila"
"Q132, nationality=Sweden, last_name=O'Rourke, job=Accountability Agent, age=49"
"Q395, age=41, first_name=Klarrisa, nationality=Canada, last_name=Waine"
"Q156, nationality=India, last_name=Stainson, age=30, job=Marketing Facilitator"
"Q406, age=68"
"Q187, nationality=United Kingdom, first_name=Maxy, last_name=Bodsworth"
"Q173, age=32, first_name=Harrie"
"Q335, nationality=Sweden, first_name=Hyatt"
"Q217, first_name=Jamal"
"Q272, age=61"
"Q216, job=Interactions Orchestrator, nationality=Turkey"
"Q44, age=54, last_name=Witty, nationality=China"
"Q7, nationality=Indonesia, last_name=Dailey"
"Q116, job=Metrics Technician, age=30, first_name=Sylvan"
"Q435, age=39"
"Q294, nationality=Sweden"
"Q425, job=Integration Analyst, age=63"
"Q443, nationality=France, job=Usability Engineer"
"Q475, first_name=Pearline, nationality=Greece"
"Q220, first_name=Rudolfo, job=Intranet Developer, age=29"
"Q276, nationality=France, age=63, job=Response Developer, first_name=Elspeth"
"Q261, last_name=Ivashchenko, nationality=Vietnam"
"Q88, age=58, nationality=USA"
"Q68, job=Marketing Assistant, age=72"
"Q147, first_name=Bendicty, last_name=Addenbrooke"
"Q260, last_name=Stearnes, age=19"
"Q191, nationality=Sweden"
"Q70, job=Security Strategist, nationality=Vietnam"
"Q119, age=18, nationality=India, job=Program Supervisor, last_name=Tolotti"
"Q255, nationality=Italy, last_name=Blakely"
"Q499, last_name=Novotna, first_name=Lorry"
"Q259, last_name=Fallowfield, nationality=Germany, first_name=Wolfy, age=24"
"Q21, first_name=Erina, job=Web Associate, last_name=Dennett, age=72"
"Q183, last_name=Poolman, job=Group Architect"
"Q240, first_name=Felisha"
"Q291, age=60, job=Solutions Liaison"
"Q13, last_name=Zupa"
"Q415, job=Infrastructure Officer, age=59, nationality=Ireland, first_name=Amabelle"
"Q485, nationality=Finland, age=38"
"Q247, job=Branding Strategist"
"Q329, job=Assurance Strategist, last_name=Gollin, age=65, first_name=Candie"
"Q122, job=Creative Assistant, age=78, first_name=Richie"
"Q352, last_name=Feaviour, age=34, first_name=Marissa"
"Q53, first_name=Linet"
"Q206, nationality=Portugal"
"Q224, job=Operations Executive, first_name=Fiona, last_name=Brundale, nationality=Poland"
"Q364, first_name=Chip, age=56, last_name=Aspling"
"Q296, job=Integration Developer, first_name=Sharlene"
"Q40, nationality=Belarus, job=Security Strategist"
"Q242, age=75, job=Division Associate"
"Q197, last_name=MacWhan"
"Q238, age=70, last_name=Errichiello, job=Factors Technician, first_name=Catlaina"
"Q330, nationality=Germany"
"Q289, nationality=Canada, job=Accountability Architect, age=79"
"Q397, job=Interactions Engineer, age=18, nationality=Norway, first_name=Liv"
"Q491, age=63"
"Q65, age=34, job=Metrics Assistant"
"Q326, nationality=Austria"
"Q189, job=Metrics Strategist"
"Q413, job=Web Engineer, age=27"
"Q150, first_name=Preston, job=Accounts Agent"
"Q188, age=78"
"Q333, job=Assurance Strategist, age=69, first_name=Elisha"
"Q228, age=65, nationality=Thailand, last_name=Cubbini, first_name=Consuela"
"Q374, job=Group Architect, age=63, nationality=Thailand"
"Q192, nationality=Cuba, age=53, job=Intranet Architect, last_name=Reaper"
"Q331, nationality=Australia, first_name=Leroy, job=Program Manager"
"Q262, first_name=Lotti, age=75"
"Q185, first_name=Jody, last_name=MacDunleavy"
"Q69, age=61, nationality=Canada"
"Q307, last_name=Ertelt, first_name=Hercules"
"Q169, age=50"
"Q63, first_name=Jordana, job=Identity Executive"
"Q222, first_name=Perrine, last_name=Ely"
"Q360, job=Applications Supervisor, age=42"
"Q342, nationality=Argentina, age=20, first_name=Dur"
"Q347, last_name=Gladwish, nationality=Switzerland, job=Tactics Coordinator"
"Q458, job=Security Strategist, age=49, nationality=Greece"
"Q252, age=51, first_name=Lorne"
"Q186, age=75"
"Q144, job=Functionality Director"
"Q494, last_name=Mungan, age=67"
"Q113, last_name=Paolillo, first_name=Cecilio, age=30"
"Q336, nationality=Peru, age=42, job=Response Representative, first_name=Kirstin"
"Q2, age=30, nationality=China"
"Q157, job=Accounts Developer, first_name=Baillie, last_name=Benaine"
"Q302, job=Web Consultant"
"Q381, nationality=Russia, job=Quality Administrator, age=68, first_name=Barron"
"Q394, job=Tactics Developer, last_name=Themann, first_name=Fiona, nationality=Mexico"
"Q417, nationality=Russia, last_name=Gullberg, age=77"
"Q454, job=Web Representative, last_name=Matys"
"Q431, age=60, last_name=Dibling, first_name=Alfi"
"Q43, first_name=Aila, last_name=Barkworth, age=26, nationality=Cuba"
"Q490, last_name=Idale"
"Q245, last_name=Cicullo, age=22, first_name=Urban"
"Q270, job=Communications Manager, first_name=Wilek, last_name=Twoohy"
"Q362, last_name=Gremain, job=Integration Producer, first_name=Tomaso, age=76"
"Q38, first_name=Leonore"
"Q146, job=Division Technician, age=75, last_name=Giacobbo, nationality=Brazil"
"Q87, first_name=Jasun, age=65, nationality=Indonesia, last_name=Molineaux"
"Q42, first_name=Keelia, age=36"
"Q174, last_name=Kield, job=Solutions Consultant, nationality=Japan, first_name=Chantalle"
"Q209, last_name=Francesconi, first_name=Carla, job=Group Producer"
"Q428, job=Creative Liaison"
"Q153, age=30"
"Q94, nationality=China, last_name=Burgane"
"Q135, job=Directives Director"
"Q75, last_name=Steen, job=Mobility Administrator"
"Q378, last_name=Mannering, nationality=France, age=20"
"Q424, last_name=Budd, age=77, first_name=Leroy"
"Q479, job=Assurance Consultant, nationality=Thailand"
"Q481, job=Identity Officer"
"Q62, first_name=Aila"
"Q104, nationality=Brazil, job=Web Technician, last_name=Botte, age=54"
"Q495, age=35, last_name=Kavanagh, nationality=Chile, first_name=Dare"
"Q250, last_name=Batchelour, job=Usability Executive, nationality=Vietnam, first_name=David"
"Q271, last_name=Mc Gaughey, nationality=Australia, first_name=Percy, age=50"
"Q109, first_name=Cami, age=38, last_name=Findley, nationality=Denmark"
"Q267, age=60, nationality=Qatar, last_name=Yeats"
"Q9, age=32"
"Q85, last_name=Petteford"
"Q12, first_name=Krissie, nationality=Norway"
"Q81, nationality=Austria, last_name=Grimshaw, first_name=Any, age=32"
"Q309, first_name=Alexia, nationality=Netherlands"
"Q440, age=33, job=Optimization Orchestrator"
"Q416, nationality=Thailand, job=Brand Liaison, last_name=Yeats, first_name=Olag"
"Q258, age=53, first_name=Catlaina"
"Q373, job=Integration Representative, first_name=Whit, age=31"
"Q430, last_name=Damiata, first_name=Karalee, age=22"
"Q349, nationality=Austria"
"Q346, nationality=Finland, first_name=Katey"
"Q389, first_name=Sarge"
"Q165, job=Infrastructure Assistant, nationality=Finland"
"Q158, nationality=Peru, job=Data Technician"
"Q105, job=Paradigm Associate"
"Q56, nationality=Belarus, first_name=Thornie"
"Q72, first_name=Chantalle, job=Division Executive"
"Q93, first_name=Noelani, last_name=Denial, job=Web Strategist, nationality=Norway"
"Q400, nationality=Austria"
"Q181, first_name=Waylon"
"Q377, age=69, first_name=Hermine, nationality=New Zealand"
"Q205, age=27, nationality=Chile, first_name=Aveline, last_name=Germon"
"Q35, job=Accountability Designer"
"Q139, last_name=Burditt, job=Quality Associate, first_name=Alfredo, nationality=Portugal"
"Q348, last_name=O'Deoran"
"Q321, job=Mobility Architect, first_name=Gerhardt, nationality=Chile"
"Q469, age=30, nationality=Denmark, last_name=Bundey, job=Brand Agent"
"Q110, first_name=Justino, job=Brand Developer"
"Q215, last_name=Lanney, age=44, job=Markets Developer, first_name=Any"
"Q277, last_name=Housego, first_name=Dehlia"
"Q160, last_name=Lude"
"Q322, job=Assurance Analyst, last_name=Shillabear"
"Q311, first_name=Adrienne, job=Intranet Strategist, nationality=Finland, age=33"
"Q58, first_name=Wilmette, age=27"
"Q51, nationality=Peru, job=Brand Strategist"
"Q318, last_name=Madre"
"Q102, job=Markets Coordinator, last_name=Severs, first_name=Henriette, age=50"
"Q278, nationality=Netherlands"
"Q474, last_name=Stather, job=Applications Agent, nationality=Croatia"
"Q211, first_name=Kaela, last_name=Skirven, job=Mobility Specialist, age=38"
"Q4, nationality=Poland, last_name=Starbeck, first_name=Chucho, age=41"
"Q297, nationality=Mexico, last_name=Odeson, first_name=Rodrigo"
"Q77, last_name=Wenban"
"Q194, job=Paradigm Planner"
"Q367, age=37, job=Configuration Executive, nationality=Netherlands"
"Q366, last_name=Lanahan, job=Quality Engineer, age=19, first_name=Deidre"
"Q10, job=Assurance Assistant, nationality=Germany, last_name=Pigeon, age=22"
"Q386, last_name=Cropton, nationality=Sweden, job=Mobility Supervisor"
"Q28, age=35"
