"Q380, age=60, nationality=China, job=Intranet Developer, last_name=Ruslen"
"Q169, last_name=Stranio"
"Q259, nationality=Spain, job=Data Officer, first_name=Salvidor, last_name=Legges"
"Q355, nationality=Netherlands, last_name=Tolemache"
"Q112, first_name=Frances, job=Data Engineer, nationality=China, last_name=MacAllan"
"Q98, job=Implementation Officer, age=54"
"Q1, age=67, job=Integration Manager, nationality=Finland"
"Q55, job=Communications Executive, nationality=Brazil, last_name=Woodyatt"
"Q424, job=Assurance Agent, last_name=Drezzer, age=62, nationality=United Kingdom"
"Q385, job=Identity Strategist"
"Q78, age=80, last_name=Regardsoe, first_name=Baillie, job=Response Representative"
"Q194, first_name=Odelle"
"Q273, job=Functionality Developer, last_name=Skirling"
"Q256, first_name=Lauretta, age=61, nationality=Italy"
"Q216, last_name=Mustchin, nationality=Thailand, job=Directives Producer, first_name=Mersey"
"Q279, job=Communications Planner"
"Q245, last_name=Gullberg, job=Quality Developer"
"Q496, first_name=Tommy, age=74"
"Q495, last_name=Durbin, first_name=Barbra, age=36"
"Q321, last_name=Adamides, job=Security Consultant"
"Q99, nationality=Mexico, job=Web Facilitator, age=42"
"Q233, nationality=Canada, first_name=Florinda, job=Implementation Associate"
"Q488, age=31, first_name=Kristi, job=Accountability Representative, last_name=Rosenfeld"
"Q258, nationality=Switzerland, age=37, job=Identity Analyst, last_name=Bowra"
"Q174, age=29, nationality=Thailand, first_name=Zulema"
"Q314, nationality=China, first_name=Krissie, job=Data Producer, age=19"
"Q57, nationality=Norway, age=56, job=Implementation Assistant, first_name=Margaretta"
"Q359, last_name=Scarse, first_name=Eddi"
"Q198, age=60, nationality=India, first_name=Kaye"
"Q101, nationality=Norway"
"Q64, last_name=Chesworth, job=Web Consultant, first_name=Minette"
"Q105, age=70, nationality=Denmark"
"Q72, last_name=Rulf, first_name=Anastasie, job=Identity Supervisor, nationality=Greece"
"Q457, age=31"
"Q3, age=30, nationality=China, first_name=Dorena, last_name=Tournay"
"Q476, last_name=McCandless, age=19, nationality=France"
"Q37, age=33, nationality=Germany, first_name=Orland, job=Response Assistant"
"Q20, age=40"
"Q229, job=Integration Strategist, age=63, nationality=Greece"
"Q261, job=Mobility Representative"
"Q347, first_name=Maybelle"
"Q466, last_name=Deveril, nationality=Belarus, job=Web Representative"
"Q368, last_name=Gellett, first_name=Whit, job=Data Strategist"
"Q7, nationality=Argentina"
"Q405, last_name=Callaby, age=59, nationality=Canada"
"Q83, age=21, nationality=Japan, job=Optimization Architect"
"Q465, first_name=Leoline"
"Q485, first_name=Esteban, age=80"
"Q378, job=Directives Technician, nationality=Croatia, age=43, last_name=Grelak"
"Q286, age=75"
"Q416, first_name=Cass"
"Q231, nationality=Peru, first_name=Kippy, age=51, job=Infrastructure Analyst"
"Q232, first_name=Elianora, age=77, last_name=St. Quintin, job=Web Facilitator"
"Q223, job=Configuration Administrator, first_name=Alfie, last_name=Henken"
"Q215, first_name=Joye"
"Q334, age=65, last_name=Gietz, first_name=Krissie"
"Q316, first_name=Netty"
"Q135, job=Implementation Manager, first_name=Onofredo, last_name=Ivakin"
"Q218, nationality=Australia"
"Q104, age=76"
"Q263, age=43"
"Q335, job=Research Administrator, last_name=Legges"
"Q177, age=49"
"Q238, age=41"
"Q87, age=61, nationality=Netherlands, first_name=Alberik"
"Q61, first_name=Ancell, last_name=Burdess, job=Accountability Analyst, nationality=Japan"
"Q26, first_name=Fiona, last_name=Oatley, job=Functionality Liaison, age=66"
"Q451, age=69, first_name=Huberto"
"Q325, nationality=Belarus, job=Directives Coordinator, first_name=Odilia"
"Q230, first_name=Paulina, job=Integration Analyst, last_name=Taillant"
"Q45, age=75, first_name=Colly, nationality=Russia"
"Q293, age=39"
"Q404, job=Tactics Coordinator"
"Q246, job=Metrics Designer, first_name=Faulkner, last_name=Dennett"
"Q257, last_name=Hupe"
"Q338, nationality=Australia, job=Program Associate"
"Q358, age=63, nationality=Indonesia, last_name=Stoneman, first_name=Ginnifer"
"Q160, first_name=Seward, nationality=Ireland"
"Q213, age=23, job=Intranet Manager, nationality=Argentina, last_name=Iglesias"
"Q69, age=50"
"Q15, age=31"
"Q289, first_name=Lena"
"Q267, age=49, nationality=Peru"
"Q474, age=73, first_name=Hans, nationality=Chile"
"Q462, first_name=Sigismond, last_name=Kliemann, nationality=Spain, job=Mobility Agent"
"Q326, age=23, nationality=Norway, job=Markets Designer, first_name=Darda"
"Q448, first_name=Nora, job=Response Orchestrator, last_name=Martine, age=75"
"Q157, last_name=Graves, first_name=Fey"
"Q219, nationality=Austria"
"Q93, first_name=Zerk, age=80, last_name=Shakelade, nationality=Mexico"
"Q137, job=Tactics Engineer, last_name=Dibling"
"Q363, age=74, first_name=Carroll, nationality=Turkey"
"Q119, age=45, nationality=Australia, last_name=Croall, first_name=Pierre"
"Q374, first_name=Otha, last_name=Leonards, job=Mobility Architect"
"Q412, nationality=Sweden, last_name=Dewis, first_name=Langsdon"
"Q417, first_name=Sloan, last_name=Reddie"
"Q161, nationality=Germany, age=47"
"Q8, job=Tactics Executive, first_name=Egor, last_name=Twinberrow"
"Q478, nationality=Vietnam, first_name=Kare"
"Q164, nationality=Portugal, job=Optimization Supervisor, first_name=Whit"
"Q200, nationality=Norway, last_name=Duigenan, job=Communications Orchestrator, age=32"
"Q147, last_name=Slinn, first_name=Danielle, job=Integration Agent"
"Q162, age=61, nationality=Poland"
"Q336, first_name=Hercules, age=29, last_name=Degli Antoni"
"Q435, last_name=Haggard, nationality=Finland, age=28"
"Q111, last_name=Dilawey"
"Q89, age=76, first_name=Naomi"
"Q272, first_name=Jedediah, job=Accountability Administrator"
"Q353, job=Infrastructure Executive"
"Q40, age=57, nationality=Cuba, first_name=Heather, job=Tactics Technician"
"Q66, nationality=France, age=33, last_name=Garham, job=Branding Representative"
"Q351, nationality=Switzerland, last_name=Negus, age=73, job=Group Developer"
"Q65, age=25, job=Web Coordinator, last_name=Kunzler"
"Q235, job=Communications Strategist"
"Q377, first_name=Chrisse, job=Assurance Officer, age=23, nationality=China"
"Q323, first_name=Nickie"
"Q479, last_name=Sharpus, age=48, job=Security Analyst"
"Q348, last_name=Curm, nationality=India"
"Q418, age=49, last_name=Woofendell"
"Q382, nationality=Argentina, job=Functionality Officer"
"Q469, job=Configuration Specialist, nationality=India"
"Q155, nationality=Canada"
"Q455, job=Mobility Specialist, nationality=Spain"
"Q453, nationality=Vietnam, job=Optimization Representative"
"Q409, job=Functionality Consultant, age=27, nationality=Norway"
"Q29, last_name=Dailey, age=66, first_name=Ortensia"
"Q333, first_name=Orel, age=60, last_name=Abelov"
"Q143, age=68, last_name=Sloyan"
"Q127, nationality=Argentina, last_name=Spurier"
"Q239, job=Identity Liaison, age=42, first_name=Kristi"
"Q362, nationality=Ireland"
"Q429, last_name=Michelle, first_name=Korella, job=Directives Assistant, age=35"
"Q387, nationality=Canada"
"Q33, age=18, nationality=Qatar, first_name=Mirilla, last_name=Allnutt"
"Q47, job=Directives Strategist, last_name=Odeson, first_name=Donal"
"Q470, age=50, job=Marketing Executive"
"Q158, first_name=Jasper"
"Q369, age=41, job=Optimization Officer, first_name=Val"
"Q5, last_name=O'Brollachain"
"Q128, age=18, job=Applications Consultant"
"Q50, age=23, first_name=Aimil"
"Q217, last_name=Mougenel, job=Metrics Orchestrator, age=19, first_name=Lyn"
"Q247, age=26, nationality=Belarus, job=Identity Manager"
"Q473, age=67, nationality=USA"
"Q262, job=Group Director, nationality=Norway"
"Q301, job=Web Administrator, first_name=Benoit, age=21, last_name=Hamshere"
"Q38, job=Marketing Executive"
"Q234, last_name=Harback, age=40, nationality=Australia, job=Paradigm Associate"
"Q332, job=Mobility Designer"
"Q133, nationality=Belgium, last_name=Scad, job=Brand Planner"
"Q252, nationality=Brazil, last_name=Swindle, job=Quality Specialist, first_name=Rafferty"
"Q208, nationality=Australia, age=58"
"Q210, first_name=Ancell, job=Usability Manager"
"Q4, last_name=Bantock, job=Directives Orchestrator, age=76, first_name=Heall"
"Q266, first_name=Butch, job=Mobility Manager"
"Q179, age=46, first_name=Bliss, job=Data Executive"
"Q110, age=30, nationality=Switzerland, first_name=Bendicty, last_name=Putton"
"Q207, job=Markets Planner, last_name=Fernan"
"Q123, age=44, last_name=Bodsworth, nationality=Cuba"
"Q260, job=Metrics Representative, nationality=Denmark, last_name=Kondratowicz, first_name=Daphne"
"Q294, job=Operations Manager"
"Q129, first_name=Kingston"
"Q170, age=53"
"Q192, last_name=Kelso, first_name=Kayle, job=Markets Architect, age=57"
"Q84, nationality=Australia, last_name=Roumier"
"Q17, job=Mobility Administrator, first_name=Carolee, age=34"
"Q226, job=Directives Director"
"Q341, job=Mobility Facilitator, nationality=Spain, age=61"
"Q284, age=65, nationality=Italy"
"Q329, age=43, job=Identity Representative"
"Q297, age=34, first_name=Meggie, job=Marketing Developer"
"Q401, nationality=Portugal, last_name=Copnell"
"Q443, first_name=Talbot, age=62, nationality=Italy"
"Q131, first_name=Hortensia"
"Q187, nationality=Spain, first_name=Chiarra, age=38"
"Q313, age=63, job=Branding Analyst"
"Q52, age=45"
"Q236, last_name=Smalecombe, first_name=Renell, nationality=Norway"
"Q62, first_name=Orel"
"Q97, nationality=USA, first_name=Urban"
"Q251, job=Identity Developer"
"Q30, first_name=Park, last_name=Chown"
"Q140, nationality=Denmark, first_name=Alberik, last_name=Ivakin"
"Q46, job=Functionality Developer, first_name=Monique"
"Q82, first_name=Rosabel, nationality=India"
"Q271, age=28, first_name=Lauryn"
"Q287, job=Marketing Planner"
"Q447, job=Tactics Supervisor, age=76, last_name=Crowhurst, first_name=Lawrence"
"Q268, last_name=Kitchener"
"Q317, age=60"
"Q366, last_name=Rudeyeard, nationality=Ireland, age=37, job=Research Architect"
"Q254, last_name=Willmore"
"Q398, first_name=Kyle, nationality=Portugal"
"Q126, age=20, job=Operations Coordinator, last_name=Murcutt"
"Q383, first_name=Naomi"
"Q379, job=Branding Supervisor, first_name=Daria"
"Q44, age=54, job=Intranet Administrator, last_name=D'Aguanno"
"Q388, job=Solutions Technician"
"Q175, nationality=Indonesia, job=Quality Developer, last_name=Estcot, first_name=Vlad"
"Q331, nationality=Argentina"
"Q394, age=62, first_name=Guglielmo, job=Mobility Facilitator, nationality=Poland"
"Q11, nationality=Argentina, age=65, first_name=Leanor"
"Q302, age=53"
"Q42, first_name=Corny, nationality=Denmark"
"Q437, first_name=Anatole, age=26, nationality=Switzerland, last_name=Kondratowicz"
"Q56, first_name=Corbie"
"Q117, age=68, job=Data Representative, nationality=Peru"
"Q349, first_name=Minette, job=Group Officer, nationality=Vietnam"
"Q419, first_name=Barton"
"Q472, first_name=Cordy, nationality=Russia, age=57"
"Q498, first_name=Sylvan, job=Marketing Analyst, last_name=Driscoll, age=33"
"Q481, nationality=Belgium, first_name=Talbot, job=Mobility Representative"
"Q420, last_name=Hupe"
"Q197, nationality=Belgium, last_name=Render, first_name=Krissie, age=79"
"Q189, first_name=Lolita, last_name=Baggelley"
"Q402, nationality=Netherlands"
"Q430, job=Interactions Representative, age=77, last_name=Davidove"
"Q395, last_name=Grishukov, age=33"
"Q24, age=73, first_name=Walt, job=Mobility Facilitator"
"Q415, first_name=Ogdon"
"Q428, last_name=Whorall, first_name=Llewellyn, nationality=USA"
"Q58, first_name=Taddeusz, nationality=Australia"
"Q343, age=69, last_name=Trathen"
"Q146, age=65"
"Q180, nationality=Spain"
"Q346, age=32"
"Q79, job=Research Executive, last_name=Griswood"
"Q494, last_name=Hessle, first_name=Sherlock, age=68"
"Q330, first_name=Lena, job=Identity Coordinator, age=71"
"Q356, nationality=Spain, age=49, last_name=Dibling, first_name=Marillin"
"Q361, job=Tactics Liaison, first_name=Bren"
"Q108, last_name=Yedy, first_name=Prissie, job=Marketing Specialist"
"Q269, first_name=Consolata, age=76, nationality=Indonesia"
"Q171, first_name=Minette"
"Q106, job=Assurance Architect"
"Q184, first_name=Ario, last_name=Naire, nationality=Chile"
"Q214, first_name=Lyndsie, job=Creative Analyst"
"Q319, job=Communications Consultant, last_name=Klimentyonok, nationality=Chile, age=37"
"Q176, nationality=Belgium, first_name=Madlen"
"Q23, last_name=Eason, job=Interactions Assistant, nationality=Spain"
"Q456, last_name=Kill"
"Q191, age=29"
"Q172, age=56"
"Q148, job=Tactics Specialist, nationality=Argentina, last_name=Grimshaw"
"Q144, last_name=Zupa, nationality=Turkey, age=38, first_name=Preston"
"Q188, job=Web Supervisor"
"Q396, nationality=Vietnam, first_name=Freddi"
"Q452, age=54"
"Q311, first_name=Minette, age=71, last_name=Melloy"
"Q299, first_name=Wilek, nationality=United Kingdom"
"Q10, nationality=Poland, last_name=Jolin, age=55"
"Q244, first_name=Carola, age=50, job=Configuration Planner, nationality=Italy"
"Q209, nationality=Belgium, job=Functionality Facilitator"
"Q85, first_name=Megen, nationality=Mexico"
"Q298, last_name=Alliot, age=21"
"Q459, first_name=Tildie"
"Q122, first_name=Arden, nationality=Peru"
"Q163, age=68, nationality=Croatia, last_name=Schindler"
"Q467, nationality=Portugal, last_name=Abramovic, age=58"
"Q203, nationality=Cuba, first_name=Kippy"
"Q186, job=Operations Liaison, nationality=Finland"
"Q63, nationality=Cuba, last_name=Uvedale, job=Accounts Analyst"
"Q370, first_name=Misty, age=55, nationality=United Kingdom, job=Tactics Developer"
"Q471, age=55, first_name=Griz, nationality=Peru, job=Research Administrator"
"Q403, job=Program Representative"
"Q345, last_name=Meller, job=Factors Director"
"Q274, age=22, nationality=Finland, last_name=Petrello, first_name=Nanice"
"Q292, job=Communications Strategist, nationality=Mexico, last_name=Abelov, age=33"
"Q118, nationality=Vietnam"
"Q480, last_name=Bocken, first_name=Helge, job=Directives Technician"
"Q291, job=Program Orchestrator, age=57"
"Q300, last_name=Regardsoe, first_name=Erina, job=Intranet Strategist, age=52"
"Q493, nationality=Vietnam, age=18"
"Q6, last_name=Fitzsymons, first_name=Kare"
"Q477, age=71, last_name=Anstead"
"Q201, age=73, first_name=King, last_name=Kippling, job=Group Orchestrator"
"Q397, last_name=Bradnocke"
"Q138, age=71"
"Q248, job=Marketing Facilitator"
"Q384, first_name=Bud"
"Q103, age=58, nationality=Austria, first_name=Niki, job=Integration Producer"
"Q168, first_name=Yvor"
"Q400, age=46, last_name=Ortet, nationality=Argentina"
"Q94, nationality=Belgium, last_name=Uvedale, age=58"
"Q312, nationality=New Zealand, first_name=Humfried, age=73, job=Division Director"
"Q309, first_name=Christine, job=Tactics Facilitator, age=35"
"Q281, first_name=Maxy, job=Security Associate, last_name=Culham"
"Q96, nationality=China, job=Creative Representative, age=52, first_name=Dare"
"Q206, nationality=Vietnam"
"Q411, first_name=Marisa, nationality=Switzerland"
"Q142, job=Functionality Liaison, first_name=Carrissa, age=24, nationality=Greece"
"Q386, nationality=Canada, job=Factors Producer"
"Q250, job=Web Technician, age=32, nationality=Portugal"
"Q2, nationality=Argentina, last_name=Bertlin"
"Q308, job=Marketing Director, first_name=Fawne, last_name=Antecki, age=71"
"Q39, job=Quality Planner, age=74, nationality=Netherlands, last_name=Jakubowicz"
"Q204, last_name=Dennert"
"Q364, last_name=Hanington"
"Q182, job=Branding Planner, last_name=Sprosson, nationality=Switzerland, age=72"
"Q449, job=Intranet Manager, nationality=Germany, first_name=Marisa, age=23"
"Q422, nationality=Thailand, first_name=Janeva, age=58, job=Identity Officer"
"Q21, age=56"
"Q389, last_name=Batalini, first_name=Hortensia, job=Interactions Specialist, nationality=Austria"
"Q426, nationality=Russia, last_name=Barthod"
"Q28, job=Factors Officer, age=19, nationality=Brazil"
"Q407, job=Security Specialist, first_name=Baillie, nationality=USA, age=66"
"Q211, nationality=Belgium, last_name=Ortzen"
"Q399, last_name=Crunden, nationality=Belgium, job=Mobility Administrator, age=51"
"Q371, age=54"
"Q304, job=Accounts Architect, age=70"
"Q391, last_name=Padgham, nationality=India"
"Q288, first_name=Fields"
"Q307, age=36"
"Q53, job=Accountability Producer"
"Q159, nationality=China, age=33, first_name=Carroll, job=Accountability Director"
"Q150, last_name=Pessolt, first_name=Silva, age=78"
"Q224, age=43, nationality=Argentina"
"Q352, last_name=Candlish"
"Q107, age=37, nationality=Turkey, first_name=Henrieta, job=Accounts Developer"
"Q41, last_name=Allnutt"
"Q91, age=78, nationality=Switzerland, job=Usability Architect"
"Q32, nationality=Argentina, age=70, first_name=Davy"
"Q88, first_name=Stewart, nationality=Finland, job=Group Designer"
"Q151, nationality=Ireland, first_name=Shena, job=Factors Strategist, last_name=Ciccottio"
"Q16, nationality=Vietnam, job=Optimization Director"
"Q54, first_name=Lian, nationality=Ireland, age=21"
"Q242, nationality=Canada, age=76, first_name=Dulciana, last_name=Wilford"
"Q255, job=Applications Orchestrator, age=71"
"Q375, first_name=Arliene, age=38"
"Q116, first_name=Farrand, last_name=Palethorpe, job=Configuration Developer"
"Q446, nationality=Belarus, last_name=Melloy, age=24, job=Intranet Designer"
"Q425, first_name=Cher, nationality=Netherlands, age=61, last_name=Durbin"
"Q276, age=25, nationality=Australia"
"Q13, last_name=Harback"
"Q222, nationality=Poland, first_name=De witt, age=57"
"Q227, last_name=Horley, age=29, job=Security Representative"
"Q285, last_name=Lockyer, nationality=Sweden"
"Q432, nationality=Mexico, last_name=O'Deoran, first_name=Dur"
"Q225, job=Directives Consultant, first_name=Sherill"
"Q482, first_name=Aimil"
"Q305, job=Integration Strategist, nationality=Austria"
"Q454, first_name=Lizette, age=27, last_name=Malam, job=Research Technician"
"Q166, age=29, job=Program Strategist, nationality=Sweden"
"Q95, last_name=Petre, age=45, nationality=China"
"Q22, age=65"
"Q327, last_name=Antecki"
"Q275, job=Configuration Orchestrator, nationality=USA, last_name=Ashingden"
"Q350, last_name=Sheepy"
"Q74, nationality=New Zealand, last_name=Domingues"
"Q71, age=46, first_name=Farrah, nationality=Argentina, job=Creative Designer"
"Q18, first_name=Letti, last_name=Davidove, nationality=Ukraine"
"Q152, nationality=Peru"
"Q154, age=31"
"Q322, job=Assurance Consultant, nationality=Sweden"
"Q149, first_name=Nertie, job=Directives Manager, last_name=Casajuana"
"Q463, job=Directives Strategist, last_name=Giamitti, nationality=Brazil"
"Q0, job=Branding Consultant, last_name=Di Giorgio, nationality=Switzerland, age=26"
"Q136, job=Markets Officer"
"Q167, nationality=Finland, age=56, job=Accountability Supervisor"
"Q414, age=49"
"Q183, last_name=Woodstock, nationality=Turkey"
"Q360, nationality=Cuba, job=Security Producer, first_name=Marvin"
"Q442, job=Usability Architect, last_name=Folomkin, age=32, first_name=Dulciana"
"Q67, nationality=Peru, job=Intranet Executive, last_name=Denver, age=78"
"Q202, last_name=Lawlance, first_name=Spenser, age=62, job=Branding Architect"
"Q12, age=77, last_name=Langdale, nationality=Ireland, first_name=Robyn"
"Q36, last_name=Ely, age=32, job=Intranet Strategist"
"Q109, last_name=Mager"
"Q220, last_name=Stearnes, nationality=United Kingdom, age=18"
"Q491, job=Markets Specialist, last_name=Hanby"
"Q440, nationality=Germany, last_name=Woodyatt, age=43"
"Q195, last_name=Kimbling, job=Directives Representative, age=77"
"Q441, first_name=Orland, last_name=Aucott, nationality=Peru"
"Q134, nationality=Ireland, age=66"
"Q376, age=78, last_name=Fallowfield, nationality=Canada"
"Q253, job=Infrastructure Officer, first_name=Consolata, last_name=Klaves, nationality=Canada"
"Q328, first_name=Estrella, last_name=Woodhouse"
"Q438, last_name=Kienle"
"Q43, first_name=Richardo, age=28, job=Intranet Developer"
"Q14, nationality=Spain"
"Q324, last_name=Newstead, nationality=Brazil"
"Q92, first_name=Keefe, last_name=Dibbin, nationality=France, age=58"
"Q77, job=Research Designer"
"Q113, first_name=Saxe"
"Q196, age=56, nationality=Switzerland"
"Q165, age=32, job=Branding Director, last_name=Goodrich"
"Q381, last_name=Yoslowitz, first_name=Marjory, age=38"
"Q421, job=Communications Liaison, first_name=Wolfy, nationality=Japan"
"Q357, job=Accountability Assistant, nationality=Australia, first_name=Claire"
"Q185, first_name=Hercules, nationality=Germany, age=76, last_name=Swyn"
"Q390, age=41, last_name=Rudeyeard, nationality=Australia, first_name=Russ"
"Q367, nationality=Vietnam, age=23, first_name=Vachel"
"Q296, last_name=Stading, nationality=Russia, age=77"
"Q290, first_name=Marissa, age=24"
"Q73, first_name=Myra"
"Q75, first_name=Delinda, nationality=Indonesia, age=36"
"Q199, job=Program Liaison"
"Q173, age=64, last_name=Mantrup, nationality=Sweden"
"Q439, job=Creative Associate, first_name=Sammie"
"Q283, last_name=Lisciandro"
"Q354, last_name=McCloughen, nationality=Austria, job=Configuration Assistant"
"Q68, last_name=Kirsz"
"Q240, nationality=Chile"
"Q25, age=70, job=Configuration Architect, nationality=USA, last_name=Gerriet"
"Q60, last_name=Truckett, age=43, first_name=Salomo, job=Tactics Associate"
"Q365, age=34, nationality=Finland, job=Solutions Planner"
"Q413, first_name=Bryanty, job=Paradigm Analyst, nationality=United Kingdom, last_name=Cusick"
"Q48, job=Research Developer"
"Q51, age=60, nationality=Indonesia"
"Q153, age=43, job=Accounts Coordinator, first_name=Whit"
"Q156, age=28, last_name=Mattaser, job=Directives Engineer"
"Q193, nationality=China"
"Q59, nationality=Chile, job=Group Producer"
"Q130, age=31, nationality=Cuba, last_name=Giffard, first_name=Nickie"
"Q141, nationality=Ukraine"
"Q90, age=44, job=Implementation Planner"
"Q34, age=18, first_name=Umberto, last_name=Chevers, nationality=Netherlands"
"Q115, first_name=Derby, age=49, last_name=Ely, job=Communications Associate"
"Q145, first_name=Marabel, job=Accounts Specialist, last_name=Owttrim"
"Q464, last_name=Hatto, first_name=Ortensia, age=46, nationality=Austria"
"Q410, nationality=Italy, first_name=Leena, job=Marketing Facilitator, last_name=Cadlock"
"Q190, first_name=Connor, age=27, job=Assurance Representative, last_name=Stranio"
"Q49, nationality=Turkey, age=69"
"Q433, first_name=Melanie, job=Mobility Developer"
"Q318, job=Program Agent"
"Q306, nationality=Netherlands, last_name=Issakov, first_name=Nadine, job=Data Associate"
"Q228, nationality=Vietnam, age=48, job=Communications Technician"
"Q434, nationality=Belarus, last_name=Syde"
"Q406, job=Communications Coordinator, last_name=Bulger"
"Q490, first_name=Corrina"
"Q458, job=Infrastructure Officer, last_name=Wicken"
"Q265, age=18, job=Infrastructure Architect"
"Q344, first_name=Mildred, job=Optimization Engineer, last_name=Hars"
"Q86, nationality=India, last_name=Dibling, first_name=Wolfy"
"Q444, job=Security Director, last_name=Sanches, first_name=Osbert, age=42"
"Q337, nationality=Ukraine"
"Q315, job=Solutions Technician, age=68, last_name=Gozzard, first_name=Skipton"
"Q423, last_name=Portriss, age=46"
"Q124, age=38"
"Q372, age=38, job=Markets Manager, last_name=Manneville, first_name=Leese"
"Q320, last_name=Hanby, age=54, job=Metrics Consultant"
"Q484, age=75"
"Q125, nationality=France, age=34, job=Security Assistant, last_name=Tellett"
"Q270, nationality=Turkey"
"Q460, last_name=Perry, job=Marketing Manager, nationality=Poland, first_name=Sharyl"
"Q408, job=Solutions Agent, first_name=Langsdon, last_name=Eldredge, age=79"
"Q264, first_name=Marcelle"
"Q19, age=59"
"Q132, age=69, nationality=Portugal, first_name=Kippy"
"Q205, age=52"
"Q280, first_name=Leif, nationality=Portugal"
"Q486, age=79, last_name=Bercher"
"Q492, first_name=Helsa, last_name=Martinon, job=Tactics Supervisor"
"Q295, last_name=Graves, age=18, nationality=Vietnam, job=Directives Manager"
"Q102, age=39, last_name=Padfield, first_name=Emmeline"
"Q499, nationality=Qatar"
"Q450, job=Directives Facilitator, nationality=Sweden, last_name=Cumberpatch, age=57"
"Q76, nationality=Argentina, job=Accountability Analyst, last_name=Matthews, age=78"
"Q121, last_name=Gillani, age=41, nationality=Spain"
"Q9, job=Interactions Liaison, nationality=Brazil"
"Q342, age=59, first_name=Sherill, job=Paradigm Designer, last_name=Sunock"
"Q221, age=32, last_name=Ausiello"
"Q489, nationality=Russia, age=24"
"Q282, first_name=Lorilyn, age=80, nationality=Denmark, job=Integration Engineer"
"Q80, nationality=Russia, last_name=Hayles, first_name=Huntlee"
"Q392, first_name=Margaux, last_name=Witty"
"Q178, age=34, nationality=Canada, first_name=Gerhardt"
"Q468, age=69, job=Applications Designer, last_name=Gorvette"
"Q277, age=41, first_name=Ardis, last_name=Anstead"
"Q241, job=Communications Representative, nationality=Russia, last_name=Koppe, age=60"
"Q114, first_name=Stacee, last_name=Sawford"
"Q35, first_name=Dorey, age=60, last_name=Wicken, job=Research Orchestrator"
"Q100, nationality=China, last_name=Antecki, job=Accountability Supervisor"
"Q436, job=Creative Facilitator, first_name=Thia"
"Q431, last_name=Trittam"
"Q340, last_name=McCullogh"
"Q487, first_name=Sheila-kathryn, last_name=Mertin, nationality=Poland"
"Q81, age=53, first_name=Rurik"
"Q181, last_name=Mordey, first_name=Grier, job=Communications Specialist, age=78"
"Q497, last_name=Fresson, first_name=Demetria, nationality=Japan, age=58"
"Q139, first_name=Andrei, nationality=Japan, job=Optimization Coordinator, age=80"
"Q212, nationality=Russia, age=28, last_name=Durak, job=Web Developer"
"Q31, nationality=Indonesia, last_name=Dennett"
"Q483, job=Brand Technician, age=71"
"Q278, job=Assurance Developer, first_name=Fey, nationality=Indonesia, last_name=Gerritzen"
"Q393, first_name=Tito, job=Accounts Director, last_name=Mordey, age=25"
"Q339, age=73, nationality=Italy, last_name=Leetham"
"Q475, nationality=Austria"
"Q27, job=Infrastructure Executive, first_name=Beret, nationality=Belarus, age=56"
"Q303, job=Communications Executive, nationality=Belarus, age=78, last_name=Feirn"
"Q249, job=Data Technician, first_name=Samaria, nationality=Netherlands"
"Q427, age=20, job=Quality Supervisor, first_name=Elianora, last_name=Hedingham"
"Q445, age=77, last_name=Westgate, first_name=Paulie"
"Q310, last_name=Farrington, nationality=Qatar"
"Q461, age=77"
"Q120, first_name=Olag, last_name=Gossage, nationality=India"
"Q237, last_name=Zupa, job=Metrics Coordinator"
"Q70, job=Program Architect, first_name=Drucie, age=23, nationality=Australia"
"Q373, first_name=Leena, age=29, job=Identity Representative, last_name=Denver"
"Q243, first_name=Bernice, age=45, last_name=Cuthill"
